"size","firstDate","lastDate","detectionLag","lineageCount","ids"
"4","2020-05-08","2020-05-12","0.686477850000074","A=4","A_Bangladesh_EPI_ISL_450339_2020.355;A_Bangladesh_EPI_ISL_450342_2020.35;A_Bangladesh_EPI_ISL_450340_2020.363;A_Bangladesh_EPI_ISL_450341_2020.363"
"4","2020-05-31","2020-07-30","0.311000649999869","B.1.1=3;B.1.1.59=1","B.1.1.59_Bangladesh_EPI_ISL_483695_2020.459;B.1.1_Bangladesh_EPI_ISL_464160_2020.415;B.1.1_Bangladesh_EPI_ISL_603224_2020.579;B.1.1_Bangladesh_EPI_ISL_774962_2020.495"
"76","2020-04-08","2021-02-06","0.831000649999851","B.1.1=3;B.1.1.25=72;B.1.36.10=1","B.1.1.25_Bangladesh_EPI_ISL_447904_2020.358;B.1.1.25_Bangladesh_EPI_ISL_477126_2020.352;B.1.1.25_Bangladesh_EPI_ISL_483633_2020.456;B.1.1.25_Bangladesh_EPI_ISL_480420_2020.462;B.1.1.25_Bangladesh_EPI_ISL_475173_2020.432;B.1.1.25_Bangladesh_EPI_ISL_498418_2020.546;B.1.1.25_Bangladesh_EPI_ISL_455458_2020.385;B.1.1.25_Bangladesh_EPI_ISL_2350812_2020.374;B.1.1.25_Bangladesh_EPI_ISL_2003459_2021.099;B.1.1.25_Bangladesh_EPI_ISL_768741_2020.549;B.1.1.25_Bangladesh_EPI_ISL_2350798_2020.355;B.1.1.25_Bangladesh_EPI_ISL_774983_2020.525;B.1.1.25_Bangladesh_EPI_ISL_1626527_2020.836;B.1.1.25_Bangladesh_EPI_ISL_498784_2020.544;B.1.1.25_Bangladesh_EPI_ISL_475165_2020.432;B.1.1.25_Bangladesh_EPI_ISL_475171_2020.432;B.1.1_Bangladesh_EPI_ISL_477140_2020.456;B.1.1.25_Bangladesh_EPI_ISL_774941_2020.495;B.1.1.25_Bangladesh_EPI_ISL_477125_2020.342;B.1.1.25_Bangladesh_EPI_ISL_477133_2020.445;B.1.1.25_Bangladesh_EPI_ISL_775009_2020.486;B.1.1.25_Bangladesh_EPI_ISL_466644_2020.415;B.1.1.25_Bangladesh_EPI_ISL_498792_2020.421;B.1.1.25_Bangladesh_EPI_ISL_603250_2020.76;B.1.1.25_Bangladesh_EPI_ISL_480417_2020.462;B.1.1.25_Bangladesh_EPI_ISL_468077_2020.268;B.1.1.25_Bangladesh_EPI_ISL_483636_2020.467;B.1.1.25_Bangladesh_EPI_ISL_475084_2020.432;B.1.1.25_Bangladesh_EPI_ISL_498791_2020.421;B.1.1.25_Bangladesh_EPI_ISL_475166_2020.432;B.1.1.25_Bangladesh_EPI_ISL_483707_2020.478;B.1.1.25_Bangladesh_EPI_ISL_468073_2020.355;B.1.1.25_Bangladesh_EPI_ISL_466645_2020.415;B.1.1.25_Bangladesh_EPI_ISL_487366_2020.511;B.1.1.25_Bangladesh_EPI_ISL_480427_2020.462;B.1.1.25_Bangladesh_EPI_ISL_462093_2020.391;B.1.1.25_Bangladesh_EPI_ISL_477129_2020.391;B.1.1.25_Bangladesh_EPI_ISL_774952_2020.489;B.1.1.25_Bangladesh_EPI_ISL_700342_2020.667;B.1.1.25_Bangladesh_EPI_ISL_2350801_2020.358;B.1.1.25_Bangladesh_EPI_ISL_774940_2020.508;B.1.1.25_Bangladesh_EPI_ISL_774927_2020.5;B.1.1_Bangladesh_EPI_ISL_774969_2020.489;B.1.1.25_Bangladesh_EPI_ISL_2350816_2020.391;B.1.1.25_Bangladesh_EPI_ISL_470801_2020.432;B.1.1.25_Bangladesh_EPI_ISL_480440_2020.462;B.1.1.25_Bangladesh_EPI_ISL_625460_2020.391;B.1.1_Bangladesh_EPI_ISL_700341_2020.628;B.1.1.25_Bangladesh_EPI_ISL_2350796_2020.347;B.1.1.25_Bangladesh_EPI_ISL_774916_2020.503;B.1.1.25_Bangladesh_EPI_ISL_625465_2020.451;B.1.1.25_Bangladesh_EPI_ISL_477135_2020.451;B.1.1.25_Bangladesh_EPI_ISL_854988_2020.495;B.1.1.25_Bangladesh_EPI_ISL_1626516_2020.883;B.1.1.25_Bangladesh_EPI_ISL_803117_2020.459;B.1.1.25_Bangladesh_EPI_ISL_475757_2020.432;B.1.1.25_Bangladesh_EPI_ISL_492029_2020.35;B.1.1.25_Bangladesh_EPI_ISL_2350814_2020.385;B.1.36.10_Bangladesh_EPI_ISL_1790062_2021.049;B.1.1.25_Bangladesh_EPI_ISL_498802_2020.536;B.1.1.25_Bangladesh_EPI_ISL_455420_2020.385;B.1.1.25_Bangladesh_EPI_ISL_465163_2020.347;B.1.1.25_Bangladesh_EPI_ISL_483645_2020.451;B.1.1.25_Bangladesh_EPI_ISL_498805_2020.536;B.1.1.25_Bangladesh_EPI_ISL_498790_2020.413;B.1.1.25_Bangladesh_EPI_ISL_735495_2020.872;B.1.1.25_Bangladesh_EPI_ISL_504137_2020.538;B.1.1.25_Bangladesh_EPI_ISL_2350800_2020.358;B.1.1.25_Bangladesh_EPI_ISL_774970_2020.489;B.1.1.25_Bangladesh_EPI_ISL_774924_2020.5;B.1.1.25_Bangladesh_EPI_ISL_768729_2020.361;B.1.1.25_Bangladesh_EPI_ISL_603240_2020.768;B.1.1.25_Bangladesh_EPI_ISL_498466_2020.552;B.1.1.25_Bangladesh_EPI_ISL_774972_2020.525;B.1.1.25_Bangladesh_EPI_ISL_483700_2020.467;B.1.1.25_Bangladesh_EPI_ISL_498932_2020.413"
"55","2020-05-31","2021-03-19","0.916911549999895","B.1=1;B.1.1=3;B.1.1.25=50;D.5=1","B.1.1.25_Bangladesh_EPI_ISL_1133203_2020.653;B.1.1.25_Bangladesh_EPI_ISL_1040483_2021.005;B.1.1.25_Bangladesh_EPI_ISL_1036753_2021.005;B.1.1.25_Bangladesh_EPI_ISL_959475_2021.055;B.1.1.25_Bangladesh_EPI_ISL_504181_2020.413;B.1.1.25_Bangladesh_EPI_ISL_906107_2020.918;B.1.1.25_Bangladesh_EPI_ISL_514233_2020.56;B.1.1.25_Bangladesh_EPI_ISL_1360426_2021.132;B.1.1.25_Bangladesh_EPI_ISL_1036240_2020.973;B.1.1.25_Bangladesh_EPI_ISL_700346_2020.71;B.1.1.25_Bangladesh_EPI_ISL_1360429_2021.049;B.1.1.25_Bangladesh_EPI_ISL_983493_2021.06;B.1.1.25_Bangladesh_EPI_ISL_1790211_2021.068;B.1.1.25_Bangladesh_EPI_ISL_954752_2021.049;B.1.1.25_Bangladesh_EPI_ISL_735497_2020.888;B.1.1.25_Bangladesh_EPI_ISL_890191_2020.76;B.1.1.25_Bangladesh_EPI_ISL_775215_2020.76;B.1.1.25_Bangladesh_EPI_ISL_943552_2021.06;B.1.1.25_Bangladesh_EPI_ISL_943559_2021.049;B.1.1.25_Bangladesh_EPI_ISL_890194_2020.954;B.1.1.25_Bangladesh_EPI_ISL_775218_2020.954;B.1.1_Bangladesh_EPI_ISL_1036233_2020.973;B.1.1.25_Bangladesh_EPI_ISL_774975_2020.527;B.1.1.25_Bangladesh_EPI_ISL_774978_2020.527;B.1.1.25_Bangladesh_EPI_ISL_774980_2020.527;B.1.1_Bangladesh_EPI_ISL_1673334_2021.101;B.1.1_Bangladesh_EPI_ISL_1752697_2020.844;B.1.1.25_Bangladesh_EPI_ISL_964917_2021.066;B.1.1.25_Bangladesh_EPI_ISL_1549238_2021.014;B.1.1.25_Bangladesh_EPI_ISL_1653894_2021.118;B.1.1.25_Bangladesh_EPI_ISL_1469983_2020.765;B.1.1.25_Bangladesh_EPI_ISL_754176_2020.913;B.1.1.25_Bangladesh_EPI_ISL_754177_2020.899;B.1.1.25_Bangladesh_EPI_ISL_1469981_2020.817;B.1.1.25_Bangladesh_EPI_ISL_735498_2020.923;B.1.1.25_Bangladesh_EPI_ISL_603222_2020.768;B.1.1.25_Bangladesh_EPI_ISL_1123266_2020.896;D.5_Bangladesh_EPI_ISL_1123290_2020.923;B.1.1.25_Bangladesh_EPI_ISL_774982_2020.527;B.1.1.25_Bangladesh_EPI_ISL_1626519_2020.691;B.1.1.25_Bangladesh_EPI_ISL_1720317_2020.926;B.1.1.25_Bangladesh_EPI_ISL_890188_2020.964;B.1.1.25_Bangladesh_EPI_ISL_774976_2020.964;B.1_Bangladesh_EPI_ISL_1719905_2021.211;B.1.1.25_Bangladesh_EPI_ISL_774949_2020.495;B.1.1.25_Bangladesh_EPI_ISL_1040485_2020.973;B.1.1.25_Bangladesh_EPI_ISL_1081838_2021.066;B.1.1.25_Bangladesh_EPI_ISL_1752696_2020.899;B.1.1.25_Bangladesh_EPI_ISL_1123295_2020.642;B.1.1.25_Bangladesh_EPI_ISL_1123296_2020.65;B.1.1.25_Bangladesh_EPI_ISL_603221_2020.784;B.1.1.25_Bangladesh_EPI_ISL_775004_2020.541;B.1.1.25_Bangladesh_EPI_ISL_775005_2020.541;B.1.1.25_Bangladesh_EPI_ISL_775006_2020.541;B.1.1.25_Bangladesh_EPI_ISL_774942_2020.508"
"38","2020-04-28","2020-09-09","0.398777650000056","B.1.1.25=38","B.1.1.25_Bangladesh_EPI_ISL_1626490_2020.689;B.1.1.25_Bangladesh_EPI_ISL_774971_2020.525;B.1.1.25_Bangladesh_EPI_ISL_462094_2020.391;B.1.1.25_Bangladesh_EPI_ISL_490144_2020.514;B.1.1.25_Bangladesh_EPI_ISL_487396_2020.511;B.1.1.25_Bangladesh_EPI_ISL_490167_2020.514;B.1.1.25_Bangladesh_EPI_ISL_475172_2020.432;B.1.1.25_Bangladesh_EPI_ISL_775007_2020.486;B.1.1.25_Bangladesh_EPI_ISL_466626_2020.347;B.1.1.25_Bangladesh_EPI_ISL_466628_2020.415;B.1.1.25_Bangladesh_EPI_ISL_514237_2020.56;B.1.1.25_Bangladesh_EPI_ISL_498228_2020.462;B.1.1.25_Bangladesh_EPI_ISL_469299_2020.391;B.1.1.25_Bangladesh_EPI_ISL_605882_2020.325;B.1.1.25_Bangladesh_EPI_ISL_774872_2020.325;B.1.1.25_Bangladesh_EPI_ISL_469297_2020.391;B.1.1.25_Bangladesh_EPI_ISL_605885_2020.325;B.1.1.25_Bangladesh_EPI_ISL_774875_2020.325;B.1.1.25_Bangladesh_EPI_ISL_774921_2020.5;B.1.1.25_Bangladesh_EPI_ISL_774929_2020.5;B.1.1.25_Bangladesh_EPI_ISL_774931_2020.5;B.1.1.25_Bangladesh_EPI_ISL_854978_2020.495;B.1.1.25_Bangladesh_EPI_ISL_498933_2020.413;B.1.1.25_Bangladesh_EPI_ISL_774930_2020.5;B.1.1.25_Bangladesh_EPI_ISL_854977_2020.495;B.1.1.25_Bangladesh_EPI_ISL_774935_2020.508;B.1.1.25_Bangladesh_EPI_ISL_774937_2020.508;B.1.1.25_Bangladesh_EPI_ISL_462090_2020.391;B.1.1.25_Bangladesh_EPI_ISL_498800_2020.536;B.1.1.25_Bangladesh_EPI_ISL_514231_2020.536;B.1.1.25_Bangladesh_EPI_ISL_498804_2020.527;B.1.1.25_Bangladesh_EPI_ISL_498806_2020.536;B.1.1.25_Bangladesh_EPI_ISL_1626498_2020.544;B.1.1.25_Bangladesh_EPI_ISL_2446004_2020.593;B.1.1.25_Bangladesh_EPI_ISL_774915_2020.503;B.1.1.25_Bangladesh_EPI_ISL_462097_2020.391;B.1.1.25_Bangladesh_EPI_ISL_480449_2020.462;B.1.1.25_Bangladesh_EPI_ISL_487367_2020.511"
"2","2020-05-23","2020-07-18","0.17253965000009","B.1.1.25=2","B.1.1.25_Bangladesh_EPI_ISL_504179_2020.544;B.1.1.25_Bangladesh_EPI_ISL_469298_2020.391"
"126","2020-06-27","2021-05-17","0.90529864999985","B.1=5;B.1.1.25=121","B.1.1.25_Bangladesh_EPI_ISL_1360413_2021.027;B.1.1.25_Bangladesh_EPI_ISL_1508828_2021.203;B.1.1.25_Bangladesh_EPI_ISL_959367_2021.066;B.1.1.25_Bangladesh_EPI_ISL_1360450_2021.189;B.1.1.25_Bangladesh_EPI_ISL_1653815_2021.126;B.1.1.25_Bangladesh_EPI_ISL_1636523_2021.088;B.1.1.25_Bangladesh_EPI_ISL_1520103_2021.203;B.1.1.25_Bangladesh_EPI_ISL_964884_2021.058;B.1.1.25_Bangladesh_EPI_ISL_964880_2021.049;B.1.1.25_Bangladesh_EPI_ISL_943563_2021.049;B.1.1.25_Bangladesh_EPI_ISL_1123291_2020.923;B.1.1.25_Bangladesh_EPI_ISL_1653893_2021.118;B.1.1.25_Bangladesh_EPI_ISL_1752695_2020.88;B.1.1.25_Bangladesh_EPI_ISL_884087_2020.923;B.1.1.25_Bangladesh_EPI_ISL_959370_2021.058;B.1_Bangladesh_EPI_ISL_1719908_2021.227;B.1_Bangladesh_EPI_ISL_1742835_2020.872;B.1_Bangladesh_EPI_ISL_1714799_2020.885;B.1.1.25_Bangladesh_EPI_ISL_1793786_2021.118;B.1.1.25_Bangladesh_EPI_ISL_943554_2021.047;B.1.1.25_Bangladesh_EPI_ISL_1563632_2021.071;B.1.1.25_Bangladesh_EPI_ISL_2361899_2020.822;B.1.1.25_Bangladesh_EPI_ISL_735501_2020.642;B.1.1.25_Bangladesh_EPI_ISL_954748_2021.066;B.1.1.25_Bangladesh_EPI_ISL_983344_2021.066;B.1.1.25_Bangladesh_EPI_ISL_954749_2021.066;B.1.1.25_Bangladesh_EPI_ISL_959545_2021.049;B.1.1.25_Bangladesh_EPI_ISL_1123264_2020.907;B.1.1.25_Bangladesh_EPI_ISL_735490_2020.902;B.1.1.25_Bangladesh_EPI_ISL_955172_2021.066;B.1.1.25_Bangladesh_EPI_ISL_1072987_2021.005;B.1.1.25_Bangladesh_EPI_ISL_954751_2021.066;B.1.1.25_Bangladesh_EPI_ISL_884088_2020.918;B.1.1.25_Bangladesh_EPI_ISL_1599186_2021.011;B.1.1.25_Bangladesh_EPI_ISL_906114_2020.945;B.1.1.25_Bangladesh_EPI_ISL_1034736_2021.058;B.1.1.25_Bangladesh_EPI_ISL_1072961_2021.005;B.1.1.25_Bangladesh_EPI_ISL_1469984_2020.798;B.1.1.25_Bangladesh_EPI_ISL_1469985_2020.773;B.1.1.25_Bangladesh_EPI_ISL_1673302_2021.126;B.1.1.25_Bangladesh_EPI_ISL_2361884_2020.907;B.1.1.25_Bangladesh_EPI_ISL_775020_2020.934;B.1.1.25_Bangladesh_EPI_ISL_775019_2020.926;B.1.1.25_Bangladesh_EPI_ISL_603239_2020.768;B.1.1.25_Bangladesh_EPI_ISL_1360415_2021.041;B.1.1.25_Bangladesh_EPI_ISL_1498152_2020.97;B.1.1.25_Bangladesh_EPI_ISL_982236_2021.06;B.1.1.25_Bangladesh_EPI_ISL_954776_2021.06;B.1.1.25_Bangladesh_EPI_ISL_735500_2020.918;B.1.1.25_Bangladesh_EPI_ISL_943566_2021.047;B.1.1.25_Bangladesh_EPI_ISL_2469469_2021.375;B.1_Bangladesh_EPI_ISL_1563634_2021.044;B.1.1.25_Bangladesh_EPI_ISL_943571_2021.063;B.1.1.25_Bangladesh_EPI_ISL_747283_2020.929;B.1.1.25_Bangladesh_EPI_ISL_603243_2020.773;B.1.1.25_Bangladesh_EPI_ISL_603244_2020.773;B.1.1.25_Bangladesh_EPI_ISL_955101_2021.063;B.1.1.25_Bangladesh_EPI_ISL_906106_2020.964;B.1.1.25_Bangladesh_EPI_ISL_1035809_2020.978;B.1.1.25_Bangladesh_EPI_ISL_1070400_2020.978;B.1.1.25_Bangladesh_EPI_ISL_1040482_2020.978;B.1.1.25_Bangladesh_EPI_ISL_1036751_2020.978;B.1.1.25_Bangladesh_EPI_ISL_1036622_2020.978;B.1.1.25_Bangladesh_EPI_ISL_1036737_2021.005;B.1.1.25_Bangladesh_EPI_ISL_1828781_2021.11;B.1.1.25_Bangladesh_EPI_ISL_906109_2020.921;B.1.1.25_Bangladesh_EPI_ISL_906112_2020.937;B.1.1.25_Bangladesh_EPI_ISL_2361898_2020.866;B.1.1.25_Bangladesh_EPI_ISL_774990_2020.492;B.1.1.25_Bangladesh_EPI_ISL_1653924_2021.079;B.1.1.25_Bangladesh_EPI_ISL_1360423_2021.071;B.1.1.25_Bangladesh_EPI_ISL_1360424_2021.071;B.1.1.25_Bangladesh_EPI_ISL_1653921_2021.118;B.1.1.25_Bangladesh_EPI_ISL_983370_2021.058;B.1.1.25_Bangladesh_EPI_ISL_1036752_2020.973;B.1.1.25_Bangladesh_EPI_ISL_906111_2020.926;B.1.1.25_Bangladesh_EPI_ISL_1599185_2020.981;B.1.1.25_Bangladesh_EPI_ISL_1599181_2020.984;B.1.1.25_Bangladesh_EPI_ISL_1534620_2021.197;B.1.1.25_Bangladesh_EPI_ISL_2349879_2021.208;B.1.1.25_Bangladesh_EPI_ISL_1532065_2021.197;B.1.1.25_Bangladesh_EPI_ISL_1531776_2021.197;B.1.1.25_Bangladesh_EPI_ISL_1532855_2021.197;B.1.1.25_Bangladesh_EPI_ISL_1532982_2021.197;B.1.1.25_Bangladesh_EPI_ISL_1360438_2021.003;B.1.1.25_Bangladesh_EPI_ISL_1805661_2021.077;B.1.1.25_Bangladesh_EPI_ISL_1547360_2021.077;B.1.1.25_Bangladesh_EPI_ISL_1360440_2021.025;B.1.1.25_Bangladesh_EPI_ISL_1599182_2020.997;B.1.1.25_Bangladesh_EPI_ISL_1790058_2021.071;B.1_Bangladesh_EPI_ISL_1805572_2021.005;B.1.1.25_Bangladesh_EPI_ISL_754109_2020.918;B.1.1.25_Bangladesh_EPI_ISL_754179_2020.863;B.1.1.25_Bangladesh_EPI_ISL_959372_2021.047;B.1.1.25_Bangladesh_EPI_ISL_774998_2020.489;B.1.1.25_Bangladesh_EPI_ISL_774953_2020.489;B.1.1.25_Bangladesh_EPI_ISL_855001_2020.495;B.1.1.25_Bangladesh_EPI_ISL_855000_2020.495;B.1.1.25_Bangladesh_EPI_ISL_774954_2020.489;B.1.1.25_Bangladesh_EPI_ISL_774960_2020.489;B.1.1.25_Bangladesh_EPI_ISL_754173_2020.899;B.1.1.25_Bangladesh_EPI_ISL_1360433_2020.776;B.1.1.25_Bangladesh_EPI_ISL_1360442_2020.975;B.1.1.25_Bangladesh_EPI_ISL_1360444_2020.964;B.1.1.25_Bangladesh_EPI_ISL_906110_2020.921;B.1.1.25_Bangladesh_EPI_ISL_1673415_2021.126;B.1.1.25_Bangladesh_EPI_ISL_943549_2021.047;B.1.1.25_Bangladesh_EPI_ISL_2044950_2021.197;B.1.1.25_Bangladesh_EPI_ISL_2467940_2021.375;B.1.1.25_Bangladesh_EPI_ISL_1653920_2021.101;B.1.1.25_Bangladesh_EPI_ISL_906116_2020.997;B.1.1.25_Bangladesh_EPI_ISL_1072988_2020.973;B.1.1.25_Bangladesh_EPI_ISL_735494_2020.896;B.1.1.25_Bangladesh_EPI_ISL_959416_2021.052;B.1.1.25_Bangladesh_EPI_ISL_959368_2021.052;B.1.1.25_Bangladesh_EPI_ISL_735493_2020.891;B.1.1.25_Bangladesh_EPI_ISL_964886_2021.049;B.1.1.25_Bangladesh_EPI_ISL_1360435_2020.85;B.1.1.25_Bangladesh_EPI_ISL_959371_2021.049;B.1.1.25_Bangladesh_EPI_ISL_603246_2020.76;B.1.1.25_Bangladesh_EPI_ISL_890189_2020.934;B.1.1.25_Bangladesh_EPI_ISL_775213_2020.934;B.1.1.25_Bangladesh_EPI_ISL_603238_2020.784;B.1.1.25_Bangladesh_EPI_ISL_1040484_2020.973;B.1.1.25_Bangladesh_EPI_ISL_955103_2021.047;B.1.1.25_Bangladesh_EPI_ISL_906104_2020.918"
"7","2020-04-28","2020-12-22","0.648000649999858","B.1.1.25=7","B.1.1.25_Bangladesh_EPI_ISL_1599183_2020.973;B.1.1.25_Bangladesh_EPI_ISL_1273443_2020.902;B.1.1.25_Bangladesh_EPI_ISL_700340_2020.62;B.1.1.25_Bangladesh_EPI_ISL_605898_2020.325;B.1.1.25_Bangladesh_EPI_ISL_774888_2020.325;B.1.1.25_Bangladesh_EPI_ISL_2692872_2020.631;B.1.1.25_Bangladesh_EPI_ISL_514129_2020.56"
"2","2020-05-31","2020-12-03","0.606982249999874","B.1.1.25=2","B.1.1.25_Bangladesh_EPI_ISL_1123292_2020.923;B.1.1.25_Bangladesh_EPI_ISL_504180_2020.413"
"4","2020-05-26","2020-12-22","0.662311249999902","B.1.1.25=4","B.1.1.25_Bangladesh_EPI_ISL_1599184_2020.975;B.1.1.25_Bangladesh_EPI_ISL_498814_2020.552;B.1.1.25_Bangladesh_EPI_ISL_464164_2020.399;B.1.1.25_Bangladesh_EPI_ISL_775013_2020.555"
"2","2020-07-08","2020-07-15","0.201957949999951","B.1.1.25=2","B.1.1.25_Bangladesh_EPI_ISL_1626491_2020.519;B.1.1.25_Bangladesh_EPI_ISL_514228_2020.536"
"3","2020-07-21","2020-09-09","0.366595049999887","B.1.1.25=3","B.1.1.25_Bangladesh_EPI_ISL_1626493_2020.691;B.1.1.25_Bangladesh_EPI_ISL_514440_2020.555;B.1.1.25_Bangladesh_EPI_ISL_514613_2020.552"
"2","2020-05-23","2020-06-26","0.163510250000172","B.1.1.25=2","B.1.1.25_Bangladesh_EPI_ISL_462091_2020.391;B.1.1.25_Bangladesh_EPI_ISL_746324_2020.486"
"3","2020-05-20","2020-08-11","0.289984649999951","B.1.1.25=3","B.1.1.25_Bangladesh_EPI_ISL_498795_2020.421;B.1.1.25_Bangladesh_EPI_ISL_2350813_2020.385;B.1.1.25_Bangladesh_EPI_ISL_1626511_2020.612"
"3","2020-07-06","2020-07-07","0.1174096499999","B.1.1.25=3","B.1.1.25_Bangladesh_EPI_ISL_487373_2020.511;B.1.1.25_Bangladesh_EPI_ISL_490111_2020.514;B.1.1.25_Bangladesh_EPI_ISL_487393_2020.511"
"4","2020-05-31","2020-07-04","0.240000649999956","B.1.1.25=4","B.1.1.25_Bangladesh_EPI_ISL_464161_2020.415;B.1.1.25_Bangladesh_EPI_ISL_774922_2020.5;B.1.1.25_Bangladesh_EPI_ISL_774944_2020.508;B.1.1.25_Bangladesh_EPI_ISL_774945_2020.508"
"2","2020-04-28","2020-05-17","0.0520006499998544","B.1.1=2","B.1.1_Bangladesh_EPI_ISL_774908_2020.325;B.1.1_Bangladesh_EPI_ISL_605918_2020.377"
"2","2020-05-23","2020-06-07","0.0508166499998879","B.1.1.25=2","B.1.1.25_Bangladesh_EPI_ISL_475756_2020.432;B.1.1.25_Bangladesh_EPI_ISL_475760_2020.393"
"2","2020-06-19","2020-06-23","0.0115516500000012","B.1.1.25=2","B.1.1.25_Bangladesh_EPI_ISL_483631_2020.467;B.1.1.25_Bangladesh_EPI_ISL_483705_2020.478"
"2","2020-07-06","2020-07-18","0.119056649999948","B.1.1.25=2","B.1.1.25_Bangladesh_EPI_ISL_487378_2020.511;B.1.1.25_Bangladesh_EPI_ISL_775012_2020.546"
"2","2020-04-28","2020-05-23","0.0680006499999308","B.1.1=2","B.1.1_Bangladesh_EPI_ISL_605909_2020.393;B.1.1_Bangladesh_EPI_ISL_774899_2020.325"
"2","2020-06-27","2020-10-16","0.419433649999974","B.1.1.25=2","B.1.1.25_Bangladesh_EPI_ISL_774965_2020.489;B.1.1.25_Bangladesh_EPI_ISL_735492_2020.79"
"2","2020-05-31","2020-06-18","0.0490006499999254","B.1.1=2","B.1.1_Bangladesh_EPI_ISL_498783_2020.413;B.1.1_Bangladesh_EPI_ISL_480446_2020.462"
"2","2020-07-21","2020-07-21","0.0269826499998089","B.1.1.25=2","B.1.1.25_Bangladesh_EPI_ISL_514251_2020.552;B.1.1.25_Bangladesh_EPI_ISL_514239_2020.552"
"2","2020-10-23","2020-10-23","0.0958016499998848","B.1.1.25=2","B.1.1.25_Bangladesh_EPI_ISL_1626499_2020.809;B.1.1.25_Bangladesh_EPI_ISL_1626500_2020.811"
"2","2020-05-23","2020-06-07","0.0826161499999216","B.1.1.25=2","B.1.1.25_Bangladesh_EPI_ISL_475754_2020.393;B.1.1.25_Bangladesh_EPI_ISL_475761_2020.432"
"2","2020-07-18","2020-07-21","0.109968649999928","B.1.1.25=2","B.1.1.25_Bangladesh_EPI_ISL_498274_2020.546;B.1.1.25_Bangladesh_EPI_ISL_514242_2020.552"
"2","2020-07-18","2020-07-21","0.210743449999882","B.1.1.25=2","B.1.1.25_Bangladesh_EPI_ISL_498785_2020.544;B.1.1.25_Bangladesh_EPI_ISL_498815_2020.552"
"2","2020-05-23","2020-08-11","0.25355495000008","B.1.1.25=2","B.1.1.25_Bangladesh_EPI_ISL_1626518_2020.612;B.1.1.25_Bangladesh_EPI_ISL_475169_2020.393"
"2","2020-05-23","2020-10-17","0.404000649999944","B.1.1.25=2","B.1.1.25_Bangladesh_EPI_ISL_603241_2020.795;B.1.1.25_Bangladesh_EPI_ISL_462092_2020.391"
"2","2020-06-30","2020-07-02","0.0147536499998751","B.1.1.25=2","B.1.1.25_Bangladesh_EPI_ISL_774925_2020.5;B.1.1.25_Bangladesh_EPI_ISL_854989_2020.495"
"3","2020-04-28","2020-06-26","0.161000650000005","B.1.1.25=3","B.1.1.25_Bangladesh_EPI_ISL_605886_2020.325;B.1.1.25_Bangladesh_EPI_ISL_774876_2020.325;B.1.1.25_Bangladesh_EPI_ISL_775002_2020.486"
"2","2020-06-18","2020-06-18","0.0626176499999929","B.1.1.25=2","B.1.1.25_Bangladesh_EPI_ISL_480419_2020.462;B.1.1.25_Bangladesh_EPI_ISL_480424_2020.462"
"3","2020-04-28","2020-06-18","0.171272349999981","B.1.1.25=3","B.1.1.25_Bangladesh_EPI_ISL_774909_2020.325;B.1.1.25_Bangladesh_EPI_ISL_605919_2020.377;B.1.1.25_Bangladesh_EPI_ISL_480439_2020.462"
"4","2020-05-20","2020-06-16","0.137437549999959","B.1.1.25=4","B.1.1.25_Bangladesh_EPI_ISL_455459_2020.385;B.1.1.25_Bangladesh_EPI_ISL_625467_2020.459;B.1.1.25_Bangladesh_EPI_ISL_768733_2020.459;B.1.1.25_Bangladesh_EPI_ISL_477138_2020.459"
"3","2020-04-28","2020-07-15","0.222278349999897","B.1.1.25=3","B.1.1.25_Bangladesh_EPI_ISL_774902_2020.325;B.1.1.25_Bangladesh_EPI_ISL_605912_2020.393;B.1.1.25_Bangladesh_EPI_ISL_775000_2020.538"
"3","2020-05-02","2020-06-27","0.18033134999996","B.1.1.25=3","B.1.1.25_Bangladesh_EPI_ISL_2350795_2020.336;B.1.1.25_Bangladesh_EPI_ISL_774956_2020.489;B.1.1.25_Bangladesh_EPI_ISL_2350806_2020.366"
"2","2020-04-28","2020-05-17","0.0520006499998544","B.1.1.25=2","B.1.1.25_Bangladesh_EPI_ISL_774906_2020.325;B.1.1.25_Bangladesh_EPI_ISL_605916_2020.377"
"4","2020-05-31","2020-06-18","0.128739549999864","B.1.1.25=4","B.1.1.25_Bangladesh_EPI_ISL_466689_2020.415;B.1.1.25_Bangladesh_EPI_ISL_466691_2020.415;B.1.1.25_Bangladesh_EPI_ISL_466690_2020.415;B.1.1.25_Bangladesh_EPI_ISL_480418_2020.462"
"3","2020-07-21","2020-07-21","0.125870649999797","B.1.1.25=3","B.1.1.25_Bangladesh_EPI_ISL_514240_2020.552;B.1.1.25_Bangladesh_EPI_ISL_514243_2020.552;B.1.1.25_Bangladesh_EPI_ISL_514245_2020.552"
"2","2020-04-16","2020-09-26","0.446385949999922","B.1.1.25=2","B.1.1.25_Bangladesh_EPI_ISL_468071_2020.292;B.1.1.25_Bangladesh_EPI_ISL_700347_2020.735"
"2","2020-06-14","2020-07-11","0.108336649999956","B.1.1.25=2","B.1.1.25_Bangladesh_EPI_ISL_774989_2020.525;B.1.1.25_Bangladesh_EPI_ISL_477132_2020.451"
"2","2020-05-13","2020-07-30","0.286340749999908","B.1.1.25=2","B.1.1.25_Bangladesh_EPI_ISL_2350807_2020.366;B.1.1.25_Bangladesh_EPI_ISL_514250_2020.579"
"3","2020-04-28","2020-06-07","0.118197349999946","B.1.1.25=3","B.1.1.25_Bangladesh_EPI_ISL_774911_2020.325;B.1.1.25_Bangladesh_EPI_ISL_605921_2020.377;B.1.1.25_Bangladesh_EPI_ISL_475168_2020.432"
"3","2020-06-30","2020-07-06","0.071961649999821","B.1.1.25=3","B.1.1.25_Bangladesh_EPI_ISL_774919_2020.505;B.1.1.25_Bangladesh_EPI_ISL_854984_2020.495;B.1.1.25_Bangladesh_EPI_ISL_487385_2020.511"
"2","2020-05-08","2020-06-01","0.128985549999925","B.1.1.25=2","B.1.1.25_Bangladesh_EPI_ISL_464159_2020.352;B.1.1.25_Bangladesh_EPI_ISL_469300_2020.418"
"2","2020-06-03","2020-07-18","0.220611350000127","B.1.1.25=2","B.1.1.25_Bangladesh_EPI_ISL_498794_2020.421;B.1.1.25_Bangladesh_EPI_ISL_498817_2020.544"
"2","2020-07-07","2020-07-07","0.112407649999795","B.1.1.25=2","B.1.1.25_Bangladesh_EPI_ISL_498254_2020.514;B.1.1.25_Bangladesh_EPI_ISL_503958_2020.514"
"2","2020-06-27","2020-07-18","0.232739850000144","B.1.1=1;B.1.1.25=1","B.1.1.25_Bangladesh_EPI_ISL_514244_2020.544;B.1.1_Bangladesh_EPI_ISL_775001_2020.489"
"4","2020-07-07","2020-12-04","0.514335649999794","B.1.1.25=4","B.1.1.25_Bangladesh_EPI_ISL_490110_2020.514;B.1.1.25_Bangladesh_EPI_ISL_514248_2020.579;B.1.1.25_Bangladesh_EPI_ISL_700344_2020.699;B.1.1.25_Bangladesh_EPI_ISL_735499_2020.926"
"3","2020-06-18","2020-06-26","0.029867650000142","B.1.1.25=3","B.1.1.25_Bangladesh_EPI_ISL_483690_2020.486;B.1.1.25_Bangladesh_EPI_ISL_480448_2020.462;B.1.1.25_Bangladesh_EPI_ISL_480442_2020.462"
"2","2020-06-07","2020-07-06","0.207948149999993","B.1.1.25=2","B.1.1.25_Bangladesh_EPI_ISL_487395_2020.511;B.1.1.25_Bangladesh_EPI_ISL_475083_2020.432"
"2","2020-05-12","2020-05-16","0.00900064999996175","B.1.1.25=2","B.1.1.25_Bangladesh_EPI_ISL_468076_2020.372;B.1.1.25_Bangladesh_EPI_ISL_768732_2020.363"
"4","2020-06-30","2020-07-15","0.235115550000046","B.1.1.25=4","B.1.1.25_Bangladesh_EPI_ISL_774936_2020.495;B.1.1.25_Bangladesh_EPI_ISL_774948_2020.495;B.1.1.25_Bangladesh_EPI_ISL_854995_2020.495;B.1.1.25_Bangladesh_EPI_ISL_775010_2020.538"
"2","2020-07-02","2020-07-21","0.257448849999946","B.1.1.25=2","B.1.1.25_Bangladesh_EPI_ISL_774920_2020.5;B.1.1.25_Bangladesh_EPI_ISL_514247_2020.552"
"3","2020-05-09","2020-05-09","0.00189535000004071","B.1.1.25=3","B.1.1.25_Bangladesh_EPI_ISL_464165_2020.355;B.1.1.25_Bangladesh_EPI_ISL_465164_2020.355;B.1.1.25_Bangladesh_EPI_ISL_466636_2020.355"
"14","2020-05-23","2021-03-20","0.91611974999978","B.1.1=2;B.1.1.25=12","B.1.1.25_Bangladesh_EPI_ISL_514580_2020.552;B.1.1.25_Bangladesh_EPI_ISL_1626523_2020.825;B.1.1.25_Bangladesh_EPI_ISL_700339_2020.612;B.1.1.25_Bangladesh_EPI_ISL_803121_2020.462;B.1.1.25_Bangladesh_EPI_ISL_774918_2020.503;B.1.1.25_Bangladesh_EPI_ISL_854983_2020.495;B.1.1.25_Bangladesh_EPI_ISL_774966_2020.505;B.1.1.25_Bangladesh_EPI_ISL_477136_2020.456;B.1.1.25_Bangladesh_EPI_ISL_1469973_2021.216;B.1.1.25_Bangladesh_EPI_ISL_1743263_2021.121;B.1.1.25_Bangladesh_EPI_ISL_959309_2021.049;B.1.1_Bangladesh_EPI_ISL_498818_2020.544;B.1.1_Bangladesh_EPI_ISL_498830_2020.546;B.1.1.25_Bangladesh_EPI_ISL_462095_2020.391"
"4","2020-07-02","2020-07-21","0.194539449999866","B.1.1.25=4","B.1.1.25_Bangladesh_EPI_ISL_625476_2020.544;B.1.1.25_Bangladesh_EPI_ISL_625477_2020.544;B.1.1.25_Bangladesh_EPI_ISL_514241_2020.552;B.1.1.25_Bangladesh_EPI_ISL_774917_2020.5"
"2","2020-06-27","2020-07-06","0.101062649999903","B.1.1.25=2","B.1.1.25_Bangladesh_EPI_ISL_487382_2020.511;B.1.1.25_Bangladesh_EPI_ISL_774968_2020.489"
"2","2020-06-18","2020-09-13","0.383858049999844","B.1.1.25=2","B.1.1.25_Bangladesh_EPI_ISL_700345_2020.702;B.1.1.25_Bangladesh_EPI_ISL_480425_2020.462"
"10","2020-05-09","2020-09-08","0.33698134999986","B.1.1.25=10","B.1.1.25_Bangladesh_EPI_ISL_464166_2020.413;B.1.1.25_Bangladesh_EPI_ISL_469286_2020.391;B.1.1.25_Bangladesh_EPI_ISL_906103_2020.686;B.1.1.25_Bangladesh_EPI_ISL_475755_2020.432;B.1.1.25_Bangladesh_EPI_ISL_466629_2020.355;B.1.1.25_Bangladesh_EPI_ISL_487380_2020.511;B.1.1.25_Bangladesh_EPI_ISL_625471_2020.464;B.1.1.25_Bangladesh_EPI_ISL_2350797_2020.355;B.1.1.25_Bangladesh_EPI_ISL_774987_2020.489;B.1.1.25_Bangladesh_EPI_ISL_774999_2020.489"
"4","2020-06-18","2020-07-07","0.226757749999933","B.1.1.25=4","B.1.1.25_Bangladesh_EPI_ISL_774947_2020.505;B.1.1.25_Bangladesh_EPI_ISL_774967_2020.489;B.1.1.25_Bangladesh_EPI_ISL_480426_2020.462;B.1.1.25_Bangladesh_EPI_ISL_498253_2020.514"
"3","2020-06-30","2020-10-16","0.398881650000021","B.1.1.25=3","B.1.1.25_Bangladesh_EPI_ISL_1123265_2020.79;B.1.1.25_Bangladesh_EPI_ISL_774958_2020.495;B.1.1.25_Bangladesh_EPI_ISL_855005_2020.495"
"15","2020-05-02","2020-12-11","0.651723749999974","B.1.1.25=15","B.1.1.25_Bangladesh_EPI_ISL_512774_2020.514;B.1.1.25_Bangladesh_EPI_ISL_487392_2020.511;B.1.1.25_Bangladesh_EPI_ISL_625461_2020.393;B.1.1.25_Bangladesh_EPI_ISL_477131_2020.41;B.1.1.25_Bangladesh_EPI_ISL_906115_2020.945;B.1.1.25_Bangladesh_EPI_ISL_477127_2020.385;B.1.1.25_Bangladesh_EPI_ISL_2350794_2020.336;B.1.1.25_Bangladesh_EPI_ISL_774959_2020.486;B.1.1.25_Bangladesh_EPI_ISL_483628_2020.454;B.1.1.25_Bangladesh_EPI_ISL_482488_2020.462;B.1.1.25_Bangladesh_EPI_ISL_480443_2020.459;B.1.1.25_Bangladesh_EPI_ISL_482486_2020.462;B.1.1.25_Bangladesh_EPI_ISL_482489_2020.462;B.1.1.25_Bangladesh_EPI_ISL_480444_2020.459;B.1.1.25_Bangladesh_EPI_ISL_480416_2020.462"
"3","2020-07-15","2020-07-15","0.0926636500000768","B.1.1.25=3","B.1.1.25_Bangladesh_EPI_ISL_504183_2020.536;B.1.1.25_Bangladesh_EPI_ISL_1493066_2020.536;B.1.1.25_Bangladesh_EPI_ISL_514230_2020.536"
"2","2020-04-17","2020-04-17","6.49999947199831e-07","B.1.1.25=2","B.1.1.25_Bangladesh_EPI_ISL_437912_2020.295;B.1.1.25_Bangladesh_EPI_ISL_447899_2020.295"
"2","2020-07-06","2020-07-07","0.0931476499997643","B.1.1.25=2","B.1.1.25_Bangladesh_EPI_ISL_487386_2020.511;B.1.1.25_Bangladesh_EPI_ISL_504040_2020.514"
"2","2020-05-20","2020-05-20","0.110230909999927","B.1.1.25=2","B.1.1.25_Bangladesh_EPI_ISL_482701_2020.385;B.1.1.25_Bangladesh_EPI_ISL_462098_2020.385"
"6","2020-04-28","2020-05-17","0.0619148499999937","B.1.1.25=6","B.1.1.25_Bangladesh_EPI_ISL_774904_2020.325;B.1.1.25_Bangladesh_EPI_ISL_605914_2020.377;B.1.1.25_Bangladesh_EPI_ISL_774912_2020.325;B.1.1.25_Bangladesh_EPI_ISL_605922_2020.377;B.1.1.25_Bangladesh_EPI_ISL_774910_2020.325;B.1.1.25_Bangladesh_EPI_ISL_605920_2020.377"
"6","2020-05-08","2020-07-04","0.156000649999896","B.1=1;B.1.1.25=5","B.1.1.25_Bangladesh_EPI_ISL_2361881_2020.434;B.1.1.25_Bangladesh_EPI_ISL_774934_2020.495;B.1.1.25_Bangladesh_EPI_ISL_774938_2020.495;B.1.1.25_Bangladesh_EPI_ISL_774939_2020.508;B.1.1.25_Bangladesh_EPI_ISL_774932_2020.495;B.1_Bangladesh_EPI_ISL_466686_2020.352"
"3","2020-06-03","2020-07-19","0.281000649999896","B.1.1.25=3","B.1.1.25_Bangladesh_EPI_ISL_498796_2020.423;B.1.1.25_Bangladesh_EPI_ISL_504182_2020.421;B.1.1.25_Bangladesh_EPI_ISL_498892_2020.549"
"3","2020-06-15","2020-07-11","0.239377950000062","B.1.1.25=3","B.1.1.25_Bangladesh_EPI_ISL_483626_2020.454;B.1.1.25_Bangladesh_EPI_ISL_774973_2020.525;B.1.1.25_Bangladesh_EPI_ISL_774974_2020.525"
"18","2020-04-16","2021-01-25","0.774000650000062","B.1.1.25=18","B.1.1.25_Bangladesh_EPI_ISL_475238_2020.432;B.1.1.25_Bangladesh_EPI_ISL_603242_2020.773;B.1.1.25_Bangladesh_EPI_ISL_983001_2021.066;B.1.1.25_Bangladesh_EPI_ISL_906108_2020.921;B.1.1.25_Bangladesh_EPI_ISL_906113_2020.94;B.1.1.25_Bangladesh_EPI_ISL_483688_2020.486;B.1.1.25_Bangladesh_EPI_ISL_483634_2020.459;B.1.1.25_Bangladesh_EPI_ISL_483693_2020.467;B.1.1.25_Bangladesh_EPI_ISL_775008_2020.489;B.1.1.25_Bangladesh_EPI_ISL_468072_2020.292;B.1.1.25_Bangladesh_EPI_ISL_774986_2020.527;B.1.1.25_Bangladesh_EPI_ISL_1040479_2020.978;B.1.1.25_Bangladesh_EPI_ISL_774981_2020.527;B.1.1.25_Bangladesh_EPI_ISL_504178_2020.541;B.1.1.25_Bangladesh_EPI_ISL_498417_2020.546;B.1.1.25_Bangladesh_EPI_ISL_514130_2020.56;B.1.1.25_Bangladesh_EPI_ISL_890192_2020.792;B.1.1.25_Bangladesh_EPI_ISL_775216_2020.792"
"3","2020-06-27","2020-07-18","0.0614826500000163","B.1.1.25=3","B.1.1.25_Bangladesh_EPI_ISL_498786_2020.544;B.1.1.25_Bangladesh_EPI_ISL_774955_2020.489;B.1.1.25_Bangladesh_EPI_ISL_855002_2020.495"
"20","2020-04-27","2020-07-10","0.231170249999877","B.1.1.25=20","B.1.1.25_Bangladesh_EPI_ISL_605892_2020.325;B.1.1.25_Bangladesh_EPI_ISL_774883_2020.325;B.1.1.25_Bangladesh_EPI_ISL_774882_2020.325;B.1.1.25_Bangladesh_EPI_ISL_605893_2020.325;B.1.1.25_Bangladesh_EPI_ISL_605894_2020.325;B.1.1.25_Bangladesh_EPI_ISL_605896_2020.325;B.1.1.25_Bangladesh_EPI_ISL_605897_2020.325;B.1.1.25_Bangladesh_EPI_ISL_774887_2020.325;B.1.1.25_Bangladesh_EPI_ISL_445215_2020.322;B.1.1.25_Bangladesh_EPI_ISL_774886_2020.325;B.1.1.25_Bangladesh_EPI_ISL_774884_2020.325;B.1.1.25_Bangladesh_EPI_ISL_605895_2020.325;B.1.1.25_Bangladesh_EPI_ISL_774885_2020.325;B.1.1.25_Bangladesh_EPI_ISL_445214_2020.322;B.1.1.25_Bangladesh_EPI_ISL_450840_2020.344;B.1.1.25_Bangladesh_EPI_ISL_450841_2020.363;B.1.1.25_Bangladesh_EPI_ISL_774914_2020.503;B.1.1.25_Bangladesh_EPI_ISL_774985_2020.522;B.1.1.25_Bangladesh_EPI_ISL_450839_2020.344;B.1.1.25_Bangladesh_EPI_ISL_774984_2020.486"
"3","2020-04-28","2020-07-21","0.263041549999798","B.1.1=2;B.1.1.25=1","B.1.1_Bangladesh_EPI_ISL_774907_2020.325;B.1.1_Bangladesh_EPI_ISL_605917_2020.377;B.1.1.25_Bangladesh_EPI_ISL_775015_2020.552"
"4","2020-05-31","2020-07-21","0.27349584999979","B.1.1.25=4","B.1.1.25_Bangladesh_EPI_ISL_1626487_2020.546;B.1.1.25_Bangladesh_EPI_ISL_487372_2020.511;B.1.1.25_Bangladesh_EPI_ISL_514252_2020.552;B.1.1.25_Bangladesh_EPI_ISL_466694_2020.415"
"4","2020-07-07","2020-12-22","0.619346949999908","B.1.1.25=4","B.1.1.25_Bangladesh_EPI_ISL_498549_2020.533;B.1.1.25_Bangladesh_EPI_ISL_498808_2020.514;B.1.1.25_Bangladesh_EPI_ISL_1034794_2020.973;B.1.1.25_Bangladesh_EPI_ISL_603247_2020.76"
"4","2020-06-07","2020-07-02","0.176583250000022","B.1.1.25=4","B.1.1.25_Bangladesh_EPI_ISL_774923_2020.5;B.1.1.25_Bangladesh_EPI_ISL_774926_2020.5;B.1.1.25_Bangladesh_EPI_ISL_854990_2020.495;B.1.1.25_Bangladesh_EPI_ISL_475758_2020.432"
"6","2020-05-31","2020-07-07","0.205961149999894","B.1.1.25=6","B.1.1.25_Bangladesh_EPI_ISL_490165_2020.514;B.1.1.25_Bangladesh_EPI_ISL_490114_2020.514;B.1.1.25_Bangladesh_EPI_ISL_487371_2020.511;B.1.1.25_Bangladesh_EPI_ISL_774957_2020.495;B.1.1.25_Bangladesh_EPI_ISL_855004_2020.495;B.1.1.25_Bangladesh_EPI_ISL_466649_2020.415"
"8","2020-04-28","2020-07-03","0.191171650000115","B.1.1=8","B.1.1_Bangladesh_EPI_ISL_605899_2020.325;B.1.1_Bangladesh_EPI_ISL_774889_2020.325;B.1.1_Bangladesh_EPI_ISL_605900_2020.325;B.1.1_Bangladesh_EPI_ISL_774890_2020.325;B.1.1_Bangladesh_EPI_ISL_774913_2020.325;B.1.1_Bangladesh_EPI_ISL_605923_2020.377;B.1.1_Bangladesh_EPI_ISL_774950_2020.505;B.1.1_Bangladesh_EPI_ISL_477130_2020.41"
"7","2020-06-07","2021-01-21","0.623000649999994","B.1.1.25=7","B.1.1.25_Bangladesh_EPI_ISL_1545269_2021.055;B.1.1.25_Bangladesh_EPI_ISL_1538415_2021.03;B.1.1.25_Bangladesh_EPI_ISL_490164_2020.514;B.1.1.25_Bangladesh_EPI_ISL_487383_2020.511;B.1.1.25_Bangladesh_EPI_ISL_475167_2020.432;B.1.1.25_Bangladesh_EPI_ISL_483623_2020.445;B.1.1.25_Bangladesh_EPI_ISL_480450_2020.462"
"10","2020-07-18","2021-01-29","0.670415649999995","B.1.1.25=8;B.1.1.315=2","B.1.1.25_Bangladesh_EPI_ISL_498787_2020.544;B.1.1.25_Bangladesh_EPI_ISL_603245_2020.773;B.1.1.25_Bangladesh_EPI_ISL_1035872_2020.989;B.1.1.25_Bangladesh_EPI_ISL_700336_2020.721;B.1.1.25_Bangladesh_EPI_ISL_753701_2020.918;B.1.1.25_Bangladesh_EPI_ISL_1805650_2021.077;B.1.1.25_Bangladesh_EPI_ISL_504176_2020.552;B.1.1.25_Bangladesh_EPI_ISL_498419_2020.552;B.1.1.315_Bangladesh_EPI_ISL_1123267_2020.896;B.1.1.315_Bangladesh_EPI_ISL_1133119_2020.65"
"11","2020-05-09","2020-09-05","0.36738605000005","B.1.1=1;B.1.1.25=10","B.1.1.25_Bangladesh_EPI_ISL_1626486_2020.536;B.1.1_Bangladesh_EPI_ISL_466630_2020.355;B.1.1.25_Bangladesh_EPI_ISL_735502_2020.65;B.1.1.25_Bangladesh_EPI_ISL_890193_2020.678;B.1.1.25_Bangladesh_EPI_ISL_775217_2020.678;B.1.1.25_Bangladesh_EPI_ISL_483643_2020.467;B.1.1.25_Bangladesh_EPI_ISL_803118_2020.429;B.1.1.25_Bangladesh_EPI_ISL_480421_2020.462;B.1.1.25_Bangladesh_EPI_ISL_1626510_2020.615;B.1.1.25_Bangladesh_EPI_ISL_464163_2020.413;B.1.1.25_Bangladesh_EPI_ISL_775003_2020.489"
"3","2020-06-11","2020-07-18","0.234080449999965","B.1.1.25=3","B.1.1.25_Bangladesh_EPI_ISL_498550_2020.544;B.1.1.25_Bangladesh_EPI_ISL_483644_2020.467;B.1.1.25_Bangladesh_EPI_ISL_483622_2020.445"
"3","2020-06-26","2020-07-30","0.0930006500000218","B.1.1.25=3","B.1.1.25_Bangladesh_EPI_ISL_603225_2020.579;B.1.1.25_Bangladesh_EPI_ISL_625473_2020.579;B.1.1.25_Bangladesh_EPI_ISL_774988_2020.486"
"4","2020-04-28","2020-11-08","0.532409250000001","B.1.1.25=3;D.2=1","B.1.1.25_Bangladesh_EPI_ISL_605883_2020.325;B.1.1.25_Bangladesh_EPI_ISL_774873_2020.325;B.1.1.25_Bangladesh_EPI_ISL_774991_2020.527;D.2_Bangladesh_EPI_ISL_1123268_2020.855"
"3","2020-05-12","2020-07-06","0.228950149999946","B.1.1.25=3","B.1.1.25_Bangladesh_EPI_ISL_487384_2020.511;B.1.1.25_Bangladesh_EPI_ISL_2350804_2020.361;B.1.1.25_Bangladesh_EPI_ISL_2350811_2020.372"
"23","2020-05-23","2020-09-01","0.370241549999946","B.1.1.25=23","B.1.1.25_Bangladesh_EPI_ISL_1626492_2020.571;B.1.1.25_Bangladesh_EPI_ISL_775014_2020.549;B.1.1.25_Bangladesh_EPI_ISL_498788_2020.413;B.1.1.25_Bangladesh_EPI_ISL_498789_2020.413;B.1.1.25_Bangladesh_EPI_ISL_483641_2020.467;B.1.1.25_Bangladesh_EPI_ISL_487394_2020.511;B.1.1.25_Bangladesh_EPI_ISL_462096_2020.391;B.1.1.25_Bangladesh_EPI_ISL_483624_2020.445;B.1.1.25_Bangladesh_EPI_ISL_1123294_2020.648;B.1.1.25_Bangladesh_EPI_ISL_498801_2020.536;B.1.1.25_Bangladesh_EPI_ISL_803850_2020.462;B.1.1.25_Bangladesh_EPI_ISL_483646_2020.451;B.1.1.25_Bangladesh_EPI_ISL_483627_2020.445;B.1.1.25_Bangladesh_EPI_ISL_483632_2020.456;B.1.1.25_Bangladesh_EPI_ISL_483687_2020.484;B.1.1.25_Bangladesh_EPI_ISL_483689_2020.486;B.1.1.25_Bangladesh_EPI_ISL_483635_2020.459;B.1.1.25_Bangladesh_EPI_ISL_483692_2020.478;B.1.1.25_Bangladesh_EPI_ISL_774996_2020.489;B.1.1.25_Bangladesh_EPI_ISL_1707071_2020.669;B.1.1.25_Bangladesh_EPI_ISL_2692865_2020.587;B.1.1.25_Bangladesh_EPI_ISL_490109_2020.514;B.1.1.25_Bangladesh_EPI_ISL_490113_2020.514"
"6","2020-06-19","2020-07-26","0.283741949999921","B.1.1.25=6","B.1.1.25_Bangladesh_EPI_ISL_1626483_2020.566;B.1.1.25_Bangladesh_EPI_ISL_1626506_2020.546;B.1.1.25_Bangladesh_EPI_ISL_1626507_2020.546;B.1.1.25_Bangladesh_EPI_ISL_1626505_2020.546;B.1.1.25_Bangladesh_EPI_ISL_483629_2020.467;B.1.1.25_Bangladesh_EPI_ISL_775011_2020.486"
"2","2020-07-21","2020-09-05","0.30778865000002","B.1.1.25=2","B.1.1.25_Bangladesh_EPI_ISL_498467_2020.552;B.1.1.25_Bangladesh_EPI_ISL_700343_2020.68"
"12","2020-05-31","2021-01-25","0.651000650000015","B.1.1.25=12","B.1.1.25_Bangladesh_EPI_ISL_498797_2020.536;B.1.1.25_Bangladesh_EPI_ISL_514232_2020.536;B.1.1.25_Bangladesh_EPI_ISL_603249_2020.76;B.1.1.25_Bangladesh_EPI_ISL_982841_2021.049;B.1.1.25_Bangladesh_EPI_ISL_1563633_2021.044;B.1.1.25_Bangladesh_EPI_ISL_498811_2020.546;B.1.1.25_Bangladesh_EPI_ISL_1805631_2021.066;B.1.1.25_Bangladesh_EPI_ISL_774933_2020.5;B.1.1.25_Bangladesh_EPI_ISL_774951_2020.495;B.1.1.25_Bangladesh_EPI_ISL_774977_2020.489;B.1.1.25_Bangladesh_EPI_ISL_466650_2020.415;B.1.1.25_Bangladesh_EPI_ISL_605783_2020.601"
"6","2020-06-18","2020-11-18","0.486195650000127","B.1.1.25=6","B.1.1.25_Bangladesh_EPI_ISL_774992_2020.522;B.1.1.25_Bangladesh_EPI_ISL_775017_2020.552;B.1.1.25_Bangladesh_EPI_ISL_775018_2020.552;B.1.1.25_Bangladesh_EPI_ISL_906105_2020.88;B.1.1.25_Bangladesh_EPI_ISL_480441_2020.462;B.1.1.25_Bangladesh_EPI_ISL_482485_2020.462"
"2","2020-05-26","2020-07-04","0.205046249999896","B.1.1=2","B.1.1_Bangladesh_EPI_ISL_774946_2020.508;B.1.1_Bangladesh_EPI_ISL_466687_2020.399"
"5","2020-07-18","2020-08-10","0.224048649999986","B.1.1.25=5","B.1.1.25_Bangladesh_EPI_ISL_1626494_2020.609;B.1.1.25_Bangladesh_EPI_ISL_1626513_2020.609;B.1.1.25_Bangladesh_EPI_ISL_1626496_2020.544;B.1.1.25_Bangladesh_EPI_ISL_1626497_2020.544;B.1.1.25_Bangladesh_EPI_ISL_498268_2020.546"
"2","2020-05-23","2020-06-07","0.141762049999897","B.1.1.25=2","B.1.1.25_Bangladesh_EPI_ISL_475170_2020.393;B.1.1.25_Bangladesh_EPI_ISL_475759_2020.432"
"3","2020-07-23","2020-07-30","0.0464276499999414","B.1.1=3","B.1.1_Bangladesh_EPI_ISL_514249_2020.579;B.1.1_Bangladesh_EPI_ISL_514235_2020.56;B.1.1_Bangladesh_EPI_ISL_514234_2020.56"
"3","2021-02-18","2021-03-20","0.426781649999839","B.1=1;B.1.619=1;P.1=1","B.1.619_Bangladesh_EPI_ISL_1719916_2021.214;B.1_Bangladesh_EPI_ISL_1742837_2021.181;P.1_Bangladesh_EPI_ISL_1653926_2021.132"
"4","2021-01-10","2021-03-29","0.291842849999966","B.1.1.7=4","B.1.1.7_Bangladesh_EPI_ISL_1360441_2021.027;B.1.1.7_Bangladesh_EPI_ISL_2446032_2021.241;B.1.1.7_Bangladesh_EPI_ISL_1547365_2021.085;B.1.1.7_Bangladesh_EPI_ISL_1548044_2021.132"
"2","2021-01-25","2021-03-23","0.240287650000027","B.1.1.7=2","B.1.1.7_Bangladesh_EPI_ISL_1360445_2021.066;B.1.1.7_Bangladesh_EPI_ISL_1750962_2021.222"
"2","2021-01-06","2021-01-13","0.0190002799997728","B.1.1.7=2","B.1.1.7_Bangladesh_EPI_ISL_1550055_2021.014;B.1.1.7_Bangladesh_EPI_ISL_1538432_2021.033"
"11","2021-01-03","2021-05-12","0.35100024999997","B.1.1.7=11","B.1.1.7_Bangladesh_EPI_ISL_2446022_2021.359;B.1.1.7_Bangladesh_EPI_ISL_1750956_2021.093;B.1.1.7_Bangladesh_EPI_ISL_1750957_2021.104;B.1.1.7_Bangladesh_EPI_ISL_1582390_2021.093;B.1.1.7_Bangladesh_EPI_ISL_1653925_2021.06;B.1.1.7_Bangladesh_EPI_ISL_1545270_2021.068;B.1.1.7_Bangladesh_EPI_ISL_1538416_2021.019;B.1.1.7_Bangladesh_EPI_ISL_1546389_2021.008;B.1.1.7_Bangladesh_EPI_ISL_1538417_2021.019;B.1.1.7_Bangladesh_EPI_ISL_1750958_2021.118;B.1.1.7_Bangladesh_EPI_ISL_1805604_2021.082"
"29","2021-02-15","2021-06-05","0.378810349999867","B.1.1.7=29","B.1.1.7_Bangladesh_EPI_ISL_1715160_2021.227;B.1.1.7_Bangladesh_EPI_ISL_1825678_2021.244;B.1.1.7_Bangladesh_EPI_ISL_2178964_2021.296;B.1.1.7_Bangladesh_EPI_ISL_1825685_2021.247;B.1.1.7_Bangladesh_EPI_ISL_1793784_2021.195;B.1.1.7_Bangladesh_EPI_ISL_1825683_2021.236;B.1.1.7_Bangladesh_EPI_ISL_2445997_2021.345;B.1.1.7_Bangladesh_EPI_ISL_1825681_2021.247;B.1.1.7_Bangladesh_EPI_ISL_2361903_2021.142;B.1.1.7_Bangladesh_EPI_ISL_1721825_2021.252;B.1.1.7_Bangladesh_EPI_ISL_1743591_2021.255;B.1.1.7_Bangladesh_EPI_ISL_2627371_2021.427;B.1.1.7_Bangladesh_EPI_ISL_1825680_2021.238;B.1.1.7_Bangladesh_EPI_ISL_1750959_2021.162;B.1.1.7_Bangladesh_EPI_ISL_1582391_2021.126;B.1.1.7_Bangladesh_EPI_ISL_1582394_2021.14;B.1.1.7_Bangladesh_EPI_ISL_1582395_2021.145;B.1.1.7_Bangladesh_EPI_ISL_1582392_2021.132;B.1.1.7_Bangladesh_EPI_ISL_1582393_2021.137;B.1.1.7_Bangladesh_EPI_ISL_1582396_2021.151;B.1.1.7_Bangladesh_EPI_ISL_1760648_2021.14;B.1.1.7_Bangladesh_EPI_ISL_2446034_2021.244;B.1.1.7_Bangladesh_EPI_ISL_1825676_2021.247;B.1.1.7_Bangladesh_EPI_ISL_2620732_2021.381;B.1.1.7_Bangladesh_EPI_ISL_1793785_2021.181;B.1.1.7_Bangladesh_EPI_ISL_2349880_2021.219;B.1.1.7_Bangladesh_EPI_ISL_1669904_2021.277;B.1.1.7_Bangladesh_EPI_ISL_1669905_2021.277;B.1.1.7_Bangladesh_EPI_ISL_1828779_2021.175"
"6","2021-01-06","2021-06-02","0.405000250000057","B.1.1.7=6","B.1.1.7_Bangladesh_EPI_ISL_2627395_2021.419;B.1.1.7_Bangladesh_EPI_ISL_1750960_2021.189;B.1.1.7_Bangladesh_EPI_ISL_1750961_2021.219;B.1.1.7_Bangladesh_EPI_ISL_1550506_2021.052;B.1.1.7_Bangladesh_EPI_ISL_2348663_2021.274;B.1.1.7_Bangladesh_EPI_ISL_890237_2021.014"
"7","2020-05-31","2020-07-30","0.164000649999934","B.1.1=7","B.1.1_Bangladesh_EPI_ISL_464162_2020.415;B.1.1_Bangladesh_EPI_ISL_487376_2020.511;B.1.1_Bangladesh_EPI_ISL_487364_2020.511;B.1.1_Bangladesh_EPI_ISL_487363_2020.511;B.1.1_Bangladesh_EPI_ISL_603223_2020.579;B.1.1_Bangladesh_EPI_ISL_833150_2020.579;B.1.1_Bangladesh_EPI_ISL_498267_2020.514"
"3","2020-07-18","2020-12-01","0.607034749999912","B.1.1=3","B.1.1_Bangladesh_EPI_ISL_754059_2020.918;B.1.1_Bangladesh_EPI_ISL_775016_2020.549;B.1.1_Bangladesh_EPI_ISL_498273_2020.546"
"5","2020-05-31","2020-06-18","0.154936149999912","B.1.1=5","B.1.1_Bangladesh_EPI_ISL_482700_2020.462;B.1.1_Bangladesh_EPI_ISL_482487_2020.462;B.1.1_Bangladesh_EPI_ISL_480415_2020.462;B.1.1_Bangladesh_EPI_ISL_480414_2020.459;B.1.1_Bangladesh_EPI_ISL_466627_2020.415"
"12","2020-04-28","2020-06-19","0.199000650000016","B.1.1=2;B.1.1.175=10","B.1.1.175_Bangladesh_EPI_ISL_483699_2020.467;B.1.1.175_Bangladesh_EPI_ISL_774901_2020.325;B.1.1.175_Bangladesh_EPI_ISL_605911_2020.393;B.1.1.175_Bangladesh_EPI_ISL_774903_2020.325;B.1.1.175_Bangladesh_EPI_ISL_605913_2020.393;B.1.1.175_Bangladesh_EPI_ISL_605904_2020.325;B.1.1.175_Bangladesh_EPI_ISL_774894_2020.325;B.1.1.175_Bangladesh_EPI_ISL_605905_2020.325;B.1.1.175_Bangladesh_EPI_ISL_774895_2020.325;B.1.1.175_Bangladesh_EPI_ISL_466688_2020.415;B.1.1_Bangladesh_EPI_ISL_605907_2020.325;B.1.1_Bangladesh_EPI_ISL_774897_2020.325"
"5","2020-06-30","2020-07-23","0.278786949999812","B.1.1=5","B.1.1_Bangladesh_EPI_ISL_625474_2020.541;B.1.1_Bangladesh_EPI_ISL_625475_2020.56;B.1.1_Bangladesh_EPI_ISL_774943_2020.495;B.1.1_Bangladesh_EPI_ISL_514236_2020.56;B.1.1_Bangladesh_EPI_ISL_514238_2020.552"
"2","2020-06-14","2020-06-19","0.0160006500000236","B.1.1=2","B.1.1_Bangladesh_EPI_ISL_483642_2020.467;B.1.1_Bangladesh_EPI_ISL_483691_2020.451"
"3","2020-06-18","2020-06-19","0.0388816500001212","B.1.1=3","B.1.1_Bangladesh_EPI_ISL_483630_2020.467;B.1.1_Bangladesh_EPI_ISL_480445_2020.462;B.1.1_Bangladesh_EPI_ISL_498227_2020.462"
"3","2020-05-31","2020-07-03","0.213226350000014","B.1.1=3","B.1.1_Bangladesh_EPI_ISL_498793_2020.421;B.1.1_Bangladesh_EPI_ISL_774961_2020.505;B.1.1_Bangladesh_EPI_ISL_466693_2020.415"
"2","2020-07-06","2020-07-14","0.199698449999914","B.1=2","B.1_Bangladesh_EPI_ISL_504177_2020.533;B.1_Bangladesh_EPI_ISL_487362_2020.511"
"2","2020-04-28","2020-04-28","0.00395015000003696","B.1.1=2","B.1.1_Bangladesh_EPI_ISL_605884_2020.325;B.1.1_Bangladesh_EPI_ISL_774874_2020.325"
"2","2020-05-01","2020-07-06","0.378680049999957","B.1=1;B.1.159=1","B.1.159_Bangladesh_EPI_ISL_487368_2020.511;B.1_Bangladesh_EPI_ISL_477128_2020.333"
"51","2020-05-02","2020-12-04","0.706676849999894","B.1=1;B.1.36.16=27;B.1.36.22=1;B.1.36.8=22","B.1.36.16_Bangladesh_EPI_ISL_1133253_2020.918;B.1.36.16_Bangladesh_EPI_ISL_1133254_2020.926;B.1.36.16_Bangladesh_EPI_ISL_514615_2020.549;B.1.36.16_Bangladesh_EPI_ISL_450343_2020.352;B.1.36.16_Bangladesh_EPI_ISL_450344_2020.336;B.1.36.16_Bangladesh_EPI_ISL_1626508_2020.544;B.1.36.16_Bangladesh_EPI_ISL_768736_2020.473;B.1.36.16_Bangladesh_EPI_ISL_2361900_2020.822;B.1.36.16_Bangladesh_EPI_ISL_1626522_2020.822;B.1.36.16_Bangladesh_EPI_ISL_774994_2020.522;B.1.36.16_Bangladesh_EPI_ISL_477139_2020.443;B.1.36.16_Bangladesh_EPI_ISL_1707070_2020.656;B.1.36.16_Bangladesh_EPI_ISL_466637_2020.399;B.1.36.16_Bangladesh_EPI_ISL_1626485_2020.566;B.1.36.16_Bangladesh_EPI_ISL_1626524_2020.828;B.1.36.16_Bangladesh_EPI_ISL_774995_2020.522;B.1.36.16_Bangladesh_EPI_ISL_1626502_2020.817;B.1.36.16_Bangladesh_EPI_ISL_466639_2020.399;B.1.36.16_Bangladesh_EPI_ISL_490168_2020.514;B.1.36.16_Bangladesh_EPI_ISL_466638_2020.399;B.1.36.16_Bangladesh_EPI_ISL_487375_2020.511;B.1.36.16_Bangladesh_EPI_ISL_2350809_2020.372;B.1.36.16_Bangladesh_EPI_ISL_2350810_2020.372;B.1.36.16_Bangladesh_EPI_ISL_498816_2020.533;B.1.36.16_Bangladesh_EPI_ISL_514246_2020.552;B.1_Bangladesh_EPI_ISL_514253_2020.527;B.1.36.16_Bangladesh_EPI_ISL_483686_2020.484;B.1.36.16_Bangladesh_EPI_ISL_483710_2020.478;B.1.36.22_Bangladesh_EPI_ISL_833179_2020.514;B.1.36.8_Bangladesh_EPI_ISL_1123293_2020.645;B.1.36.8_Bangladesh_EPI_ISL_483694_2020.456;B.1.36.8_Bangladesh_EPI_ISL_483703_2020.478;B.1.36.8_Bangladesh_EPI_ISL_480447_2020.462;B.1.36.8_Bangladesh_EPI_ISL_514434_2020.555;B.1.36.8_Bangladesh_EPI_ISL_514441_2020.557;B.1.36.8_Bangladesh_EPI_ISL_1626503_2020.546;B.1.36.8_Bangladesh_EPI_ISL_1626504_2020.546;B.1.36.8_Bangladesh_EPI_ISL_1626509_2020.609;B.1.36.8_Bangladesh_EPI_ISL_1626514_2020.872;B.1.36.8_Bangladesh_EPI_ISL_774963_2020.489;B.1.36.8_Bangladesh_EPI_ISL_774964_2020.489;B.1.36.8_Bangladesh_EPI_ISL_855011_2020.495;B.1.36.8_Bangladesh_EPI_ISL_477134_2020.451;B.1.36.8_Bangladesh_EPI_ISL_735496_2020.893;B.1.36.8_Bangladesh_EPI_ISL_1626501_2020.814;B.1.36.8_Bangladesh_EPI_ISL_1626521_2020.82;B.1.36.8_Bangladesh_EPI_ISL_774997_2020.489;B.1.36.8_Bangladesh_EPI_ISL_1493059_2020.536;B.1.36.8_Bangladesh_EPI_ISL_514229_2020.536;B.1.36.8_Bangladesh_EPI_ISL_774979_2020.489;B.1.36.8_Bangladesh_EPI_ISL_504184_2020.536"
"2","2021-02-06","2021-02-17","0.0637312499998188","B.1.466.1=2","B.1.466.1_Bangladesh_EPI_ISL_1653922_2021.101;B.1.466.1_Bangladesh_EPI_ISL_1673343_2021.129"
"234","2020-12-26","2021-06-16","0.469000249999908","B.1=3;B.1.351=21;B.1.351.3=209;B.1.577=1","B.1.351.3_Bangladesh_EPI_ISL_1360428_2021.156;B.1.351.3_Bangladesh_EPI_ISL_1634463_2021.181;B.1.351.3_Bangladesh_EPI_ISL_1752690_2021.156;B.1.351.3_Bangladesh_EPI_ISL_1360449_2021.189;B.1.351.3_Bangladesh_EPI_ISL_2620736_2021.389;B.1.351.3_Bangladesh_EPI_ISL_1616835_2021.26;B.1.351.3_Bangladesh_EPI_ISL_1533427_2021.197;B.1.351.3_Bangladesh_EPI_ISL_2765569_2021.433;B.1.351.3_Bangladesh_EPI_ISL_1509001_2021.203;B.1.351.3_Bangladesh_EPI_ISL_1593856_2021.26;B.1.351.3_Bangladesh_EPI_ISL_1531744_2021.197;B.1.351.3_Bangladesh_EPI_ISL_1593862_2021.26;B.1.351.3_Bangladesh_EPI_ISL_2178960_2021.296;B.1.351.3_Bangladesh_EPI_ISL_1531568_2021.197;B.1.351.3_Bangladesh_EPI_ISL_1593857_2021.26;B.1.351.3_Bangladesh_EPI_ISL_2178968_2021.296;B.1.351.3_Bangladesh_EPI_ISL_1595832_2021.26;B.1.351.3_Bangladesh_EPI_ISL_2304468_2021.362;B.1.351.3_Bangladesh_EPI_ISL_2304469_2021.353;B.1.351.3_Bangladesh_EPI_ISL_2233379_2021.348;B.1.351.3_Bangladesh_EPI_ISL_1915115_2021.26;B.1.351.3_Bangladesh_EPI_ISL_2233374_2021.296;B.1.351.3_Bangladesh_EPI_ISL_1524872_2021.203;B.1.351.3_Bangladesh_EPI_ISL_1469986_2021.23;B.1.351.3_Bangladesh_EPI_ISL_2178973_2021.296;B.1.351.3_Bangladesh_EPI_ISL_2233373_2021.296;B.1.351.3_Bangladesh_EPI_ISL_1616608_2021.26;B.1.351.3_Bangladesh_EPI_ISL_1714801_2021.216;B.1.351.3_Bangladesh_EPI_ISL_1721346_2021.222;B.1.351.3_Bangladesh_EPI_ISL_1508999_2021.203;B.1.351.3_Bangladesh_EPI_ISL_1593860_2021.26;B.1.351.3_Bangladesh_EPI_ISL_1616000_2021.26;B.1.351.3_Bangladesh_EPI_ISL_1508891_2021.203;B.1.351.3_Bangladesh_EPI_ISL_2796521_2021.438;B.1.351.3_Bangladesh_EPI_ISL_1531557_2021.203;B.1.351.3_Bangladesh_EPI_ISL_2233375_2021.296;B.1.351.3_Bangladesh_EPI_ISL_1593854_2021.255;B.1.351.3_Bangladesh_EPI_ISL_2233086_2021.353;B.1.351.3_Bangladesh_EPI_ISL_2233365_2021.288;B.1.351.3_Bangladesh_EPI_ISL_2445996_2021.356;B.1.351.3_Bangladesh_EPI_ISL_1593804_2021.26;B.1.351.3_Bangladesh_EPI_ISL_2446027_2021.381;B.1.351.3_Bangladesh_EPI_ISL_2348661_2021.258;B.1.351.3_Bangladesh_EPI_ISL_1469967_2021.203;B.1.351.3_Bangladesh_EPI_ISL_2350142_2021.238;B.1.351.3_Bangladesh_EPI_ISL_2467934_2021.375;B.1.351.3_Bangladesh_EPI_ISL_1509298_2021.203;B.1.351.3_Bangladesh_EPI_ISL_2446028_2021.359;B.1.351.3_Bangladesh_EPI_ISL_2233376_2021.293;B.1.351.3_Bangladesh_EPI_ISL_1508915_2021.203;B.1.351.3_Bangladesh_EPI_ISL_1593861_2021.26;B.1.351.3_Bangladesh_EPI_ISL_1595831_2021.26;B.1.351.3_Bangladesh_EPI_ISL_1593880_2021.26;B.1.351.3_Bangladesh_EPI_ISL_2620730_2021.342;B.1.351.3_Bangladesh_EPI_ISL_2043671_2021.197;B.1.351.3_Bangladesh_EPI_ISL_1793788_2021.26;B.1.351.3_Bangladesh_EPI_ISL_1531567_2021.197;B.1.351.3_Bangladesh_EPI_ISL_1595843_2021.26;B.1.351.3_Bangladesh_EPI_ISL_1915108_2021.247;B.1.351.3_Bangladesh_EPI_ISL_1915113_2021.26;B.1.351.3_Bangladesh_EPI_ISL_2043212_2021.2;B.1.351.3_Bangladesh_EPI_ISL_2047053_2021.203;B.1.351.3_Bangladesh_EPI_ISL_2433930_2021.373;B.1.351.3_Bangladesh_EPI_ISL_2233368_2021.285;B.1.351.3_Bangladesh_EPI_ISL_1531555_2021.203;B.1.351.3_Bangladesh_EPI_ISL_1469978_2021.214;B.1.351.3_Bangladesh_EPI_ISL_1531743_2021.197;B.1.351.3_Bangladesh_EPI_ISL_1752689_2021.126;B.1.351.3_Bangladesh_EPI_ISL_2361894_2021.247;B.1.351.3_Bangladesh_EPI_ISL_2796519_2021.433;B.1.351.3_Bangladesh_EPI_ISL_1531559_2021.203;B.1.351.3_Bangladesh_EPI_ISL_2433937_2021.375;B.1.351.3_Bangladesh_EPI_ISL_1508952_2021.203;B.1.351.3_Bangladesh_EPI_ISL_1534611_2021.197;B.1.351.3_Bangladesh_EPI_ISL_1508942_2021.203;B.1.351.3_Bangladesh_EPI_ISL_2233377_2021.337;B.1.351.3_Bangladesh_EPI_ISL_1673292_2021.129;B.1.351.3_Bangladesh_EPI_ISL_1722681_2021.216;B.1.351.3_Bangladesh_EPI_ISL_1595839_2021.26;B.1.351.3_Bangladesh_EPI_ISL_1720931_2021.219;B.1.351.3_Bangladesh_EPI_ISL_2446019_2021.397;B.1.351.3_Bangladesh_EPI_ISL_1534621_2021.197;B.1.351.3_Bangladesh_EPI_ISL_1583188_2021.26;B.1.351.3_Bangladesh_EPI_ISL_943561_2021.063;B.1.351.3_Bangladesh_EPI_ISL_1509299_2021.203;B.1.351.3_Bangladesh_EPI_ISL_2763640_2021.433;B.1.351.3_Bangladesh_EPI_ISL_2178963_2021.299;B.1.351.3_Bangladesh_EPI_ISL_2467942_2021.375;B.1.351.3_Bangladesh_EPI_ISL_2444396_2021.375;B.1.351.3_Bangladesh_EPI_ISL_2469470_2021.378;B.1.351.3_Bangladesh_EPI_ISL_1509272_2021.203;B.1.351.3_Bangladesh_EPI_ISL_1593859_2021.26;B.1.351.3_Bangladesh_EPI_ISL_1538410_2021.2;B.1.351.3_Bangladesh_EPI_ISL_1915109_2021.252;B.1.351.3_Bangladesh_EPI_ISL_1531572_2021.197;B.1.351.3_Bangladesh_EPI_ISL_1634460_2021.247;B.1.351.3_Bangladesh_EPI_ISL_1793787_2021.205;B.1.351.3_Bangladesh_EPI_ISL_2178966_2021.293;B.1.351.3_Bangladesh_EPI_ISL_1508940_2021.203;B.1.351.3_Bangladesh_EPI_ISL_1742838_2021.222;B.1.351.3_Bangladesh_EPI_ISL_1563631_2021.071;B.1.351.3_Bangladesh_EPI_ISL_1531534_2021.203;B.1.351.3_Bangladesh_EPI_ISL_2044525_2021.197;B.1.351.3_Bangladesh_EPI_ISL_2039757_2021.203;B.1.351.3_Bangladesh_EPI_ISL_1719907_2021.211;B.1.351.3_Bangladesh_EPI_ISL_1520105_2021.203;B.1.351.3_Bangladesh_EPI_ISL_2233363_2021.263;B.1.351.3_Bangladesh_EPI_ISL_1585269_2021.26;B.1.351.3_Bangladesh_EPI_ISL_1508833_2021.203;B.1.351.3_Bangladesh_EPI_ISL_1531560_2021.203;B.1.351.3_Bangladesh_EPI_ISL_1531561_2021.203;B.1.351.3_Bangladesh_EPI_ISL_2304470_2021.353;B.1.351.3_Bangladesh_EPI_ISL_2304466_2021.37;B.1.351.3_Bangladesh_EPI_ISL_1657087_2021.285;B.1.351.3_Bangladesh_EPI_ISL_1524776_2021.203;B.1.351.3_Bangladesh_EPI_ISL_1524775_2021.203;B.1.351.3_Bangladesh_EPI_ISL_1634448_2021.233;B.1.351.3_Bangladesh_EPI_ISL_2039394_2021.203;B.1.351.3_Bangladesh_EPI_ISL_1531564_2021.203;B.1.351.3_Bangladesh_EPI_ISL_1595833_2021.26;B.1.351.3_Bangladesh_EPI_ISL_1583158_2021.26;B.1.351.3_Bangladesh_EPI_ISL_1583253_2021.26;B.1.351.3_Bangladesh_EPI_ISL_1583252_2021.26;B.1.351.3_Bangladesh_EPI_ISL_1722306_2021.203;B.1.351.3_Bangladesh_EPI_ISL_1524771_2021.203;B.1.351.3_Bangladesh_EPI_ISL_1595718_2021.26;B.1.351.3_Bangladesh_EPI_ISL_2304467_2021.37;B.1.351.3_Bangladesh_EPI_ISL_1508893_2021.203;B.1.351.3_Bangladesh_EPI_ISL_1538409_2021.197;B.1.351.3_Bangladesh_EPI_ISL_2178962_2021.285;B.1.351.3_Bangladesh_EPI_ISL_2178974_2021.282;B.1.351.3_Bangladesh_EPI_ISL_2233381_2021.351;B.1.351.3_Bangladesh_EPI_ISL_1634453_2021.233;B.1.351.3_Bangladesh_EPI_ISL_2361892_2021.26;B.1.351.3_Bangladesh_EPI_ISL_1793790_2021.274;B.1.351.3_Bangladesh_EPI_ISL_2178969_2021.293;B.1.351.3_Bangladesh_EPI_ISL_1673289_2021.134;B.1.351.3_Bangladesh_EPI_ISL_2038623_2021.195;B.1.351.3_Bangladesh_EPI_ISL_1595834_2021.26;B.1.351.3_Bangladesh_EPI_ISL_2233378_2021.34;B.1.351.3_Bangladesh_EPI_ISL_1533423_2021.197;B.1.351.3_Bangladesh_EPI_ISL_2040202_2021.197;B.1.351.3_Bangladesh_EPI_ISL_1595842_2021.263;B.1.351.3_Bangladesh_EPI_ISL_1616616_2021.26;B.1.351.3_Bangladesh_EPI_ISL_1593858_2021.26;B.1.351.3_Bangladesh_EPI_ISL_2467941_2021.375;B.1.351.3_Bangladesh_EPI_ISL_1634458_2021.244;B.1.351.3_Bangladesh_EPI_ISL_1469969_2021.197;B.1.351.3_Bangladesh_EPI_ISL_1469972_2021.222;B.1.351.3_Bangladesh_EPI_ISL_2348658_2021.247;B.1.351.3_Bangladesh_EPI_ISL_1825686_2021.252;B.1.351.3_Bangladesh_EPI_ISL_1531556_2021.203;B.1.351.3_Bangladesh_EPI_ISL_2038944_2021.189;B.1.351_Bangladesh_EPI_ISL_2045661_2021.197;B.1.351.3_Bangladesh_EPI_ISL_1531735_2021.197;B.1.351.3_Bangladesh_EPI_ISL_1742836_2021.211;B.1.351.3_Bangladesh_EPI_ISL_2348660_2021.252;B.1.351.3_Bangladesh_EPI_ISL_2044075_2021.197;B.1.351.3_Bangladesh_EPI_ISL_1469971_2021.216;B.1.351.3_Bangladesh_EPI_ISL_1915120_2021.329;B.1.351.3_Bangladesh_EPI_ISL_2178967_2021.29;B.1.351.3_Bangladesh_EPI_ISL_1920962_2021.304;B.1.351.3_Bangladesh_EPI_ISL_2233369_2021.29;B.1.351.3_Bangladesh_EPI_ISL_2233362_2021.266;B.1.351.3_Bangladesh_EPI_ISL_2046273_2021.197;B.1.351.3_Bangladesh_EPI_ISL_2446013_2021.392;B.1.351.3_Bangladesh_EPI_ISL_1534618_2021.197;B.1.351.3_Bangladesh_EPI_ISL_1469965_2021.216;B.1.351.3_Bangladesh_EPI_ISL_1531554_2021.203;B.1.351.3_Bangladesh_EPI_ISL_1585942_2021.263;B.1.351.3_Bangladesh_EPI_ISL_1538406_2021.197;B.1.351.3_Bangladesh_EPI_ISL_2233371_2021.29;B.1.351.3_Bangladesh_EPI_ISL_1616615_2021.26;B.1.351.3_Bangladesh_EPI_ISL_1673680_2021.214;B.1.351.3_Bangladesh_EPI_ISL_1915118_2021.271;B.1.351.3_Bangladesh_EPI_ISL_1538407_2021.197;B.1.351.3_Bangladesh_EPI_ISL_1538411_2021.197;B.1.351.3_Bangladesh_EPI_ISL_1533429_2021.197;B.1.351.3_Bangladesh_EPI_ISL_1915114_2021.26;B.1.351.3_Bangladesh_EPI_ISL_1752703_2021.255;B.1.351.3_Bangladesh_EPI_ISL_1615663_2021.26;B.1.351.3_Bangladesh_EPI_ISL_1634446_2021.247;B.1.577_Bangladesh_EPI_ISL_1723177_2020.986;B.1.351.3_Bangladesh_EPI_ISL_1825679_2021.247;B.1.351.3_Bangladesh_EPI_ISL_1534612_2021.197;B.1.351.3_Bangladesh_EPI_ISL_1634451_2021.236;B.1_Bangladesh_EPI_ISL_2348653_2021.219;B.1.351.3_Bangladesh_EPI_ISL_2361895_2021.241;B.1.351.3_Bangladesh_EPI_ISL_1534616_2021.197;B.1.351.3_Bangladesh_EPI_ISL_2178965_2021.299;B.1.351.3_Bangladesh_EPI_ISL_2445994_2021.255;B.1.351.3_Bangladesh_EPI_ISL_2445981_2021.329;B.1.351.3_Bangladesh_EPI_ISL_2178972_2021.299;B.1.351.3_Bangladesh_EPI_ISL_2446017_2021.375;B.1.351.3_Bangladesh_EPI_ISL_2446018_2021.392;B.1.351_Bangladesh_EPI_ISL_2178975_2021.29;B.1.351.3_Bangladesh_EPI_ISL_1593894_2021.26;B.1.351.3_Bangladesh_EPI_ISL_1825682_2021.258;B.1.351.3_Bangladesh_EPI_ISL_1673673_2021.214;B.1.351.3_Bangladesh_EPI_ISL_2446026_2021.364;B.1.351.3_Bangladesh_EPI_ISL_2620731_2021.389;B.1.351.3_Bangladesh_EPI_ISL_2600370_2021.392;B.1.351.3_Bangladesh_EPI_ISL_2600371_2021.395;B.1.351.3_Bangladesh_EPI_ISL_2600365_2021.4;B.1.351_Bangladesh_EPI_ISL_1805696_2021.088;B.1.351.3_Bangladesh_EPI_ISL_1534610_2021.197;B.1.351.3_Bangladesh_EPI_ISL_1593863_2021.26;B.1.351.3_Bangladesh_EPI_ISL_2446014_2021.392;B.1.351.3_Bangladesh_EPI_ISL_2178970_2021.299;B.1.351.3_Bangladesh_EPI_ISL_2304471_2021.332;B.1.351.3_Bangladesh_EPI_ISL_1915117_2021.266;B.1.351.3_Bangladesh_EPI_ISL_2361897_2021.184;B.1.351.3_Bangladesh_EPI_ISL_2233366_2021.282;B.1.351.3_Bangladesh_EPI_ISL_2233380_2021.348;B.1.351_Bangladesh_EPI_ISL_2178971_2021.299;B.1.351_Bangladesh_EPI_ISL_1593879_2021.26;B.1.351_Bangladesh_EPI_ISL_1715170_2021.301;B.1.351_Bangladesh_EPI_ISL_2178961_2021.299;B.1.351_Bangladesh_EPI_ISL_1533852_2021.197;B.1.351_Bangladesh_EPI_ISL_1616836_2021.263;B.1.351_Bangladesh_EPI_ISL_1616838_2021.26;B.1_Bangladesh_EPI_ISL_1533802_2021.197;B.1.351_Bangladesh_EPI_ISL_2233364_2021.285;B.1.351_Bangladesh_EPI_ISL_1715161_2021.241;B.1.351_Bangladesh_EPI_ISL_1915111_2021.255;B.1.351_Bangladesh_EPI_ISL_1915116_2021.26;B.1.351_Bangladesh_EPI_ISL_2774047_2021.455;B.1.351_Bangladesh_EPI_ISL_2768014_2021.433;B.1.351_Bangladesh_EPI_ISL_1508892_2021.203;B.1.351_Bangladesh_EPI_ISL_2233370_2021.29;B.1.351_Bangladesh_EPI_ISL_1533430_2021.197;B.1.351_Bangladesh_EPI_ISL_1915119_2021.31;B.1.351_Bangladesh_EPI_ISL_2600368_2021.4;B.1_Bangladesh_EPI_ISL_2600369_2021.405"
"7","2021-03-13","2021-06-14","0.327077649999865","B.1.525=7","B.1.525_Bangladesh_EPI_ISL_1533728_2021.197;B.1.525_Bangladesh_EPI_ISL_2620734_2021.389;B.1.525_Bangladesh_EPI_ISL_2348662_2021.271;B.1.525_Bangladesh_EPI_ISL_1760649_2021.214;B.1.525_Bangladesh_EPI_ISL_1760650_2021.216;B.1.525_Bangladesh_EPI_ISL_1595840_2021.26;B.1.525_Bangladesh_EPI_ISL_2774041_2021.452"
"13","2020-04-27","2020-04-28","0.0596102500001052","B.1=13","B.1_Bangladesh_EPI_ISL_605887_2020.325;B.1_Bangladesh_EPI_ISL_774877_2020.325;B.1_Bangladesh_EPI_ISL_605888_2020.325;B.1_Bangladesh_EPI_ISL_774878_2020.325;B.1_Bangladesh_EPI_ISL_605891_2020.325;B.1_Bangladesh_EPI_ISL_774881_2020.325;B.1_Bangladesh_EPI_ISL_605906_2020.325;B.1_Bangladesh_EPI_ISL_774896_2020.325;B.1_Bangladesh_EPI_ISL_605890_2020.325;B.1_Bangladesh_EPI_ISL_774880_2020.325;B.1_Bangladesh_EPI_ISL_605889_2020.325;B.1_Bangladesh_EPI_ISL_445216_2020.322;B.1_Bangladesh_EPI_ISL_774879_2020.325"
"4","2020-04-20","2020-05-02","0.109407250000004","B.1=4","B.1_Bangladesh_EPI_ISL_468070_2020.301;B.1_Bangladesh_EPI_ISL_468078_2020.336;B.1_Bangladesh_EPI_ISL_605903_2020.325;B.1_Bangladesh_EPI_ISL_774893_2020.325"
"18","2020-04-24","2020-06-04","0.230714449999823","B.1=18","B.1_Bangladesh_EPI_ISL_2350793_2020.314;B.1_Bangladesh_EPI_ISL_2361890_2020.426;B.1_Bangladesh_EPI_ISL_2350803_2020.361;B.1_Bangladesh_EPI_ISL_605902_2020.325;B.1_Bangladesh_EPI_ISL_774892_2020.325;B.1_Bangladesh_EPI_ISL_774905_2020.325;B.1_Bangladesh_EPI_ISL_605915_2020.377;B.1_Bangladesh_EPI_ISL_450843_2020.344;B.1_Bangladesh_EPI_ISL_605901_2020.325;B.1_Bangladesh_EPI_ISL_774891_2020.325;B.1_Bangladesh_EPI_ISL_2350799_2020.355;B.1_Bangladesh_EPI_ISL_2350805_2020.363;B.1_Bangladesh_EPI_ISL_468075_2020.366;B.1_Bangladesh_EPI_ISL_492030_2020.366;B.1_Bangladesh_EPI_ISL_774900_2020.325;B.1_Bangladesh_EPI_ISL_605910_2020.393;B.1_Bangladesh_EPI_ISL_2350808_2020.366;B.1_Bangladesh_EPI_ISL_2350815_2020.391"
"4","2021-04-27","2021-05-29","0.134506249999959","B.1.617.2=4","B.1.617.2_Bangladesh_EPI_ISL_2627387_2021.342;B.1.617.2_Bangladesh_EPI_ISL_1915437_2021.318;B.1.617.2_Bangladesh_EPI_ISL_2627390_2021.378;B.1.617.2_Bangladesh_EPI_ISL_2600372_2021.408"
"14","2021-05-13","2021-06-16","0.181506249999984","B.1.617.2=14","B.1.617.2_Bangladesh_EPI_ISL_2774061_2021.43;B.1.617.2_Bangladesh_EPI_ISL_2284887_2021.362;B.1.617.2_Bangladesh_EPI_ISL_2284889_2021.386;B.1.617.2_Bangladesh_EPI_ISL_2304463_2021.373;B.1.617.2_Bangladesh_EPI_ISL_2627363_2021.4;B.1.617.2_Bangladesh_EPI_ISL_2434140_2021.4;B.1.617.2_Bangladesh_EPI_ISL_2627376_2021.411;B.1.617.2_Bangladesh_EPI_ISL_2434142_2021.403;B.1.617.2_Bangladesh_EPI_ISL_2399445_2021.403;B.1.617.2_Bangladesh_EPI_ISL_2399446_2021.403;B.1.617.2_Bangladesh_EPI_ISL_2774059_2021.43;B.1.617.2_Bangladesh_EPI_ISL_2774043_2021.455;B.1.617.2_Bangladesh_EPI_ISL_2284891_2021.386;B.1.617.2_Bangladesh_EPI_ISL_2600367_2021.4"
"14","2021-04-27","2021-06-20","0.192506249999951","B.1.617.2=14","B.1.617.2_Bangladesh_EPI_ISL_2180455_2021.329;B.1.617.2_Bangladesh_EPI_ISL_1942249_2021.318;B.1.617.2_Bangladesh_EPI_ISL_2620737_2021.392;B.1.617.2_Bangladesh_EPI_ISL_2627370_2021.416;B.1.617.2_Bangladesh_EPI_ISL_2304465_2021.362;B.1.617.2_Bangladesh_EPI_ISL_2627378_2021.419;B.1.617.2_Bangladesh_EPI_ISL_2284890_2021.386;B.1.617.2_Bangladesh_EPI_ISL_2434141_2021.403;B.1.617.2_Bangladesh_EPI_ISL_2627377_2021.419;B.1.617.2_Bangladesh_EPI_ISL_2774073_2021.466;B.1.617.2_Bangladesh_EPI_ISL_1938476_2021.321;B.1.617.2_Bangladesh_EPI_ISL_2627362_2021.4;B.1.617.2_Bangladesh_EPI_ISL_2627368_2021.416;B.1.617.2_Bangladesh_EPI_ISL_2434143_2021.362"
"2","2021-05-10","2021-05-10","0.0116423499998746","B.1.617.2=2","B.1.617.2_Bangladesh_EPI_ISL_2627392_2021.356;B.1.617.2_Bangladesh_EPI_ISL_2627393_2021.356"
"11","2021-05-05","2021-06-16","0.181506249999984","B.1.617.2=11","B.1.617.2_Bangladesh_EPI_ISL_2627360_2021.405;B.1.617.2_Bangladesh_EPI_ISL_2627373_2021.411;B.1.617.2_Bangladesh_EPI_ISL_2433938_2021.375;B.1.617.2_Bangladesh_EPI_ISL_2399456_2021.362;B.1.617.2_Bangladesh_EPI_ISL_2796525_2021.455;B.1.617.2_Bangladesh_EPI_ISL_2796528_2021.455;B.1.617.2_Bangladesh_EPI_ISL_2036272_2021.342;B.1.617.2_Bangladesh_EPI_ISL_2627385_2021.414;B.1.617.2_Bangladesh_EPI_ISL_2399444_2021.4;B.1.617.2_Bangladesh_EPI_ISL_2399453_2021.362;B.1.617.2_Bangladesh_EPI_ISL_2774044_2021.455"
"3","2021-05-28","2021-06-20","0.179261550000092","B.1.617.2=3","B.1.617.2_Bangladesh_EPI_ISL_2627365_2021.425;B.1.617.2_Bangladesh_EPI_ISL_2627374_2021.405;B.1.617.2_Bangladesh_EPI_ISL_2774053_2021.468"
"13","2021-05-13","2021-06-20","0.180554849999908","B.1.617.2=13","B.1.617.2_Bangladesh_EPI_ISL_2627386_2021.419;B.1.617.2_Bangladesh_EPI_ISL_2399441_2021.4;B.1.617.2_Bangladesh_EPI_ISL_2399454_2021.362;B.1.617.2_Bangladesh_EPI_ISL_2399455_2021.362;B.1.617.2_Bangladesh_EPI_ISL_2434139_2021.4;B.1.617.2_Bangladesh_EPI_ISL_2774058_2021.422;B.1.617.2_Bangladesh_EPI_ISL_2284888_2021.373;B.1.617.2_Bangladesh_EPI_ISL_2399452_2021.362;B.1.617.2_Bangladesh_EPI_ISL_2304461_2021.362;B.1.617.2_Bangladesh_EPI_ISL_2304462_2021.362;B.1.617.2_Bangladesh_EPI_ISL_2774051_2021.466;B.1.617.2_Bangladesh_EPI_ISL_2284885_2021.362;B.1.617.2_Bangladesh_EPI_ISL_2284886_2021.362"
"2","2021-05-28","2021-05-28","0.0110702499998752","B.1.617.2=2","B.1.617.2_Bangladesh_EPI_ISL_2399448_2021.403;B.1.617.2_Bangladesh_EPI_ISL_2399449_2021.403"
"2","2021-05-18","2021-06-05","0.0660043499999574","B.1.617.2=2","B.1.617.2_Bangladesh_EPI_ISL_2627384_2021.425;B.1.617.2_Bangladesh_EPI_ISL_2627391_2021.378"
"7","2021-05-27","2021-06-20","0.144774450000114","B.1.617.2=7","B.1.617.2_Bangladesh_EPI_ISL_2627382_2021.427;B.1.617.2_Bangladesh_EPI_ISL_2774062_2021.43;B.1.617.2_Bangladesh_EPI_ISL_2774063_2021.468;B.1.617.2_Bangladesh_EPI_ISL_2774042_2021.455;B.1.617.2_Bangladesh_EPI_ISL_2774074_2021.466;B.1.617.2_Bangladesh_EPI_ISL_2774075_2021.466;B.1.617.2_Bangladesh_EPI_ISL_2600366_2021.4"
"3","2021-04-28","2021-05-17","0.180429168000046","B.1.617.2=3","B.1.617.2_Bangladesh_EPI_ISL_1915439_2021.323;B.1.617.2_Bangladesh_EPI_ISL_1938477_2021.323;B.1.617.2_Bangladesh_EPI_ISL_2284892_2021.375"
"4","2021-06-20","2021-06-20","0.0617122500000278","B.1.617.2=4","B.1.617.2_Bangladesh_EPI_ISL_2774068_2021.468;B.1.617.2_Bangladesh_EPI_ISL_2774070_2021.468;B.1.617.2_Bangladesh_EPI_ISL_2774072_2021.466;B.1.617.2_Bangladesh_EPI_ISL_2774071_2021.466"
"3","2021-04-28","2021-06-20","0.26575264999974","B.1.617.2=3","B.1.617.2_Bangladesh_EPI_ISL_2774046_2021.455;B.1.617.2_Bangladesh_EPI_ISL_1915436_2021.321;B.1.617.2_Bangladesh_EPI_ISL_2774052_2021.466"
"2","2021-06-05","2021-06-06","0.136008950000132","B.1.617.2=2","B.1.617.2_Bangladesh_EPI_ISL_2627367_2021.425;B.1.617.2_Bangladesh_EPI_ISL_2774060_2021.43"
"6","2021-06-04","2021-06-21","0.176859250000007","B.1.617.2=6","B.1.617.2_Bangladesh_EPI_ISL_2627372_2021.422;B.1.617.2_Bangladesh_EPI_ISL_2774057_2021.471;B.1.617.2_Bangladesh_EPI_ISL_2774064_2021.468;B.1.617.2_Bangladesh_EPI_ISL_2774066_2021.468;B.1.617.2_Bangladesh_EPI_ISL_2774067_2021.468;B.1.617.2_Bangladesh_EPI_ISL_2774065_2021.468"
"3","2021-06-20","2021-06-21","0.00300064999987626","B.1.617.2=3","B.1.617.2_Bangladesh_EPI_ISL_2774054_2021.468;B.1.617.2_Bangladesh_EPI_ISL_2774056_2021.471;B.1.617.2_Bangladesh_EPI_ISL_2774055_2021.471"
"6","2021-06-16","2021-06-20","0.105571649999774","B.1.617.2=6","B.1.617.2_Bangladesh_EPI_ISL_2774050_2021.466;B.1.617.2_Bangladesh_EPI_ISL_2774038_2021.458;B.1.617.2_Bangladesh_EPI_ISL_2774040_2021.455;B.1.617.2_Bangladesh_EPI_ISL_2774049_2021.466;B.1.617.2_Bangladesh_EPI_ISL_2774045_2021.455;B.1.617.2_Bangladesh_EPI_ISL_2774048_2021.463"
"4","2021-05-31","2021-06-05","0.114134649999869","B.1.617.2=4","B.1.617.2_Bangladesh_EPI_ISL_2627375_2021.411;B.1.617.2_Bangladesh_EPI_ISL_2627383_2021.425;B.1.617.2_Bangladesh_EPI_ISL_2627380_2021.419;B.1.617.2_Bangladesh_EPI_ISL_2627379_2021.419"
"3","2020-05-05","2020-06-11","0.234981650000009","B.1=3","B.1_Bangladesh_EPI_ISL_475570_2020.344;B.1_Bangladesh_EPI_ISL_475573_2020.443;B.1_Bangladesh_EPI_ISL_475571_2020.443"
"1","2021-03-16","2021-03-16","0.241102449999971","B.1.1.7=1","B.1.1.7_Bangladesh_EPI_ISL_1508946_2021.203"
"1","2021-04-02","2021-04-02","0.218887249999852","B.1.1.7=1","B.1.1.7_Bangladesh_EPI_ISL_2235495_2021.252"
"1","2021-02-13","2021-02-13","0.253386949999822","B.1.1=1","B.1.1_Bangladesh_EPI_ISL_1790213_2021.118"
"1","2020-11-04","2020-11-04","0.524547250000069","B.1.1.89=1","B.1.1.89_Bangladesh_EPI_ISL_1360434_2020.842"
"1","2021-05-18","2021-05-18","0.744328649999943","B.1=1","B.1_Bangladesh_EPI_ISL_2470104_2021.378"
"1","2021-01-18","2021-01-18","0.59779565000008","B=1","B_Bangladesh_EPI_ISL_943572_2021.047"
"1","2020-04-24","2020-04-24","0.202162649999991","B.1=1","B.1_Bangladesh_EPI_ISL_445244_2020.314"
"1","2021-06-02","2021-06-02","0.145506250000153","B.1.617.2=1","B.1.617.2_Bangladesh_EPI_ISL_2627369_2021.419"
"1","2021-06-20","2021-06-20","0.274221249999982","B.1.617.2=1","B.1.617.2_Bangladesh_EPI_ISL_2774069_2021.468"
"1","2021-06-16","2021-06-16","0.298566649999884","B.1.617.2=1","B.1.617.2_Bangladesh_EPI_ISL_2774039_2021.455"
"1","2021-06-02","2021-06-02","0.181287999999995","B.1.617.2=1","B.1.617.2_Bangladesh_EPI_ISL_2627381_2021.419"
"1","2021-06-24","2021-06-24","0.269747000000052","B.1.617.2=1","B.1.617.2_Bangladesh_EPI_ISL_2774076_2021.479"
"1","2020-05-11","2020-05-11","0.29421554999999","B=1","B_Bangladesh_EPI_ISL_458133_2020.358"
"1","2020-05-09","2020-05-09","0.756202549999898","A=1","A_Bangladesh_EPI_ISL_450345_2020.355"
